time,f50,m50,f25,m25,f10,m10,f5,m5,f1,m1,f0.5,m0.5,f0.1,m0.1 
0.001023,0.006878,25.8464,0.005772,26.0367,0.004573,26.2895,0.003825,26.4835,0.002537,26.9293,0.002121,27.1239,0.001392,27.5807
0.022361,0.163347,22.4072,0.135896,22.607,0.106148,22.8752,0.087604,23.0837,0.055745,23.5745,0.045491,23.7952,0.027665,24.3352
0.043699,0.32054,21.6753,0.265446,21.8801,0.205781,22.1565,0.168622,22.3727,0.104925,22.8878,0.084504,23.1228,0.049251,23.709
0.065037,0.476072,21.2458,0.392814,21.4545,0.302707,21.7374,0.246644,21.9598,0.150757,22.4943,0.120139,22.7408,0.067651,23.3643
0.086375,0.629687,20.9422,0.517945,21.1543,0.397088,21.4428,0.321967,21.6705,0.193776,22.2217,0.153006,22.4782,0.083604,23.1344
0.107713,0.781365,20.7079,0.640916,20.923,0.489111,21.2165,0.394846,21.4489,0.234352,22.0153,0.183513,22.2808,0.097573,22.9667
0.12905,0.931147,20.5175,0.761829,20.7354,0.57894,21.0334,0.465485,21.2702,0.27276,21.8505,0.211956,22.1244,0.109884,22.8377
0.150388,1.079094,20.3574,0.880783,20.5778,0.666718,20.8801,0.534054,21.121,0.309214,21.7144,0.238564,21.996,0.12078,22.735
0.171726,1.225268,20.2194,0.997868,20.4423,0.752567,20.7486,0.600695,20.9934,0.343891,21.5989,0.263521,21.888,0.130451,22.6514
0.193064,1.369729,20.0984,1.113168,20.3236,0.836593,20.6337,0.66553,20.8821,0.376935,21.4993,0.286978,21.7954,0.139052,22.5821
0.214402,1.512537,19.9907,1.226759,20.2181,0.918892,20.5318,0.728663,20.7837,0.408469,21.4121,0.309064,21.7149,0.146708,22.5239
0.23574,1.653747,19.8938,1.338708,20.1233,0.999544,20.4405,0.790186,20.6957,0.4386,21.3348,0.329887,21.6441,0.153524,22.4746
0.257078,1.793408,19.8058,1.449078,20.0373,1.078626,20.3578,0.850183,20.6162,0.467422,21.2657,0.349544,21.5812,0.15959,22.4325
0.278416,1.93157,19.7252,1.557926,19.9586,1.156205,20.2824,0.908725,20.5439,0.495017,21.2034,0.368117,21.525,0.164984,22.3964
0.299754,2.068277,19.651,1.665305,19.8863,1.23234,20.2132,0.96588,20.4777,0.521458,21.147,0.385681,21.4744,0.169772,22.3653
0.321092,2.203569,19.5822,1.771262,19.8193,1.307089,20.1492,1.021707,20.4167,0.546811,21.0954,0.402302,21.4286,0.174012,22.3386
0.34243,2.337487,19.5181,1.875843,19.757,1.380501,20.0899,1.076261,20.3602,0.571136,21.0482,0.418039,21.387,0.177755,22.3154
0.363767,2.470065,19.4582,1.979089,19.6988,1.452625,20.0346,1.129593,20.3077,0.594487,21.0046,0.432947,21.3489,0.181048,22.2955
0.385105,2.60134,19.402,2.081039,19.6443,1.523505,19.9829,1.18175,20.2587,0.616914,20.9644,0.447074,21.3141,0.18393,22.2784
0.406443,2.731342,19.3491,2.181729,19.593,1.59318,19.9343,1.232774,20.2128,0.638462,20.9272,0.460465,21.282,0.186438,22.2637
0.427781,2.860102,19.299,2.281194,19.5446,1.661689,19.8886,1.282706,20.1697,0.659174,20.8925,0.473161,21.2525,0.188604,22.2511
0.449119,2.98765,19.2517,2.379466,19.4988,1.729067,19.8455,1.331583,20.1291,0.679088,20.8602,0.4852,21.2252,0.190456,22.2405
0.470457,3.114012,19.2067,2.476574,19.4554,1.795348,19.8046,1.37944,20.0907,0.698241,20.83,0.496617,21.1999,0.192022,22.2316
0.491795,3.239214,19.1639,2.572548,19.4141,1.860563,19.7659,1.426311,20.0545,0.716665,20.8017,0.507444,21.1765,0.193325,22.2243
0.513133,3.36328,19.1231,2.667414,19.3748,1.924742,19.7291,1.472225,20.0201,0.734393,20.7752,0.51771,21.1548,0.194386,22.2183
0.534471,3.486236,19.0841,2.761199,19.3373,1.987913,19.694,1.517213,19.9874,0.751454,20.7502,0.527445,21.1346,0.195226,22.2137
0.555809,3.608101,19.0468,2.853927,19.3014,2.050102,19.6606,1.561302,19.9563,0.767875,20.7268,0.536673,21.1157,0.195862,22.2101
0.577147,3.728899,19.011,2.94562,19.2671,2.111335,19.6286,1.604518,19.9266,0.783683,20.7046,0.545419,21.0982,0.196311,22.2076
0.598484,3.848649,18.9767,3.036302,19.2341,2.171635,19.598,1.646885,19.8983,0.798901,20.6838,0.553707,21.0818,0.196587,22.2061
0.619822,3.967372,18.9437,3.125993,19.2025,2.231025,19.5687,1.688428,19.8713,0.813552,20.664,0.561557,21.0665,0.196704,22.2055
0.64116,4.085085,18.912,3.214715,19.1721,2.289528,19.5406,1.729169,19.8454,0.827659,20.6454,0.568989,21.0522,0.196675,22.2056
0.662498,4.201807,18.8814,3.302485,19.1429,2.347163,19.5136,1.769129,19.8206,0.841241,20.6277,0.576022,21.0389,0.196512,22.2065
0.683836,4.317555,18.8519,3.389323,19.1147,2.403951,19.4877,1.808329,19.7968,0.854319,20.6109,0.582675,21.0264,0.196226,22.2081
0.705174,4.432346,18.8234,3.475247,19.0875,2.459912,19.4627,1.846787,19.774,0.86691,20.5951,0.588963,21.0148,0.195825,22.2103
0.726512,4.546196,18.7959,3.560274,19.0613,2.515062,19.4386,1.884523,19.752,0.879032,20.58,0.594903,21.0039,0.195319,22.2131
0.74785,4.65912,18.7692,3.64442,19.0359,2.569419,19.4154,1.921555,19.7309,0.890703,20.5657,0.60051,20.9937,0.194717,22.2165
0.769188,4.771134,18.7434,3.727702,19.0114,2.623002,19.393,1.957899,19.7105,0.901937,20.5521,0.605798,20.9842,0.194026,22.2203
0.790526,4.882251,18.7184,3.810135,18.9876,2.675824,19.3714,1.993572,19.6909,0.912749,20.5391,0.61078,20.9753,0.193254,22.2247
0.811864,4.992486,18.6942,3.891733,18.9646,2.727903,19.3504,2.02859,19.672,0.923155,20.5268,0.615469,20.967,0.192407,22.2294
0.833201,5.101853,18.6707,3.972512,18.9423,2.779254,19.3302,2.062968,19.6538,0.933168,20.5151,0.619878,20.9592,0.191492,22.2346
0.854539,5.210363,18.6478,4.052484,18.9207,2.82989,19.3106,2.096721,19.6361,0.942801,20.504,0.624017,20.952,0.190513,22.2402
0.875877,5.318031,18.6256,4.131663,18.8997,2.879825,19.2916,2.129862,19.6191,0.952066,20.4933,0.627899,20.9453,0.189477,22.2461
0.897215,5.424867,18.604,4.210063,18.8793,2.929074,19.2732,2.162406,19.6027,0.960976,20.4832,0.631532,20.939,0.188388,22.2524
0.918553,5.530885,18.583,4.287695,18.8594,2.97765,19.2553,2.194365,19.5867,0.969543,20.4736,0.634928,20.9332,0.187251,22.2589
0.939891,5.636095,18.5626,4.364572,18.8401,3.025564,19.238,2.225752,19.5713,0.977777,20.4644,0.638095,20.9278,0.18607,22.2658
0.961229,5.740509,18.5426,4.440706,18.8214,3.072829,19.2212,2.25658,19.5564,0.985688,20.4557,0.641044,20.9228,0.184849,22.273
0.982567,5.844138,18.5232,4.516108,18.8031,3.119457,19.2048,2.286859,19.5419,0.993288,20.4473,0.643781,20.9182,0.183593,22.2804
1.003905,5.946992,18.5043,4.590789,18.7853,3.16546,19.1889,2.316601,19.5279,1.000586,20.4394,0.646316,20.9139,0.182303,22.288
1.025243,6.049081,18.4858,4.664761,18.7679,3.210848,19.1735,2.345819,19.5143,1.00759,20.4318,0.648657,20.91,0.180984,22.2959
1.046581,6.150416,18.4677,4.738032,18.751,3.255632,19.1584,2.374521,19.5011,1.014311,20.4246,0.65081,20.9064,0.179638,22.304
1.067918,6.251007,18.4501,4.810614,18.7345,3.299823,19.1438,2.402719,19.4882,1.020757,20.4177,0.652784,20.9031,0.178269,22.3123
1.089256,6.350862,18.4329,4.882517,18.7184,3.343432,19.1295,2.430422,19.4758,1.026936,20.4111,0.654585,20.9001,0.176878,22.3208
1.110594,6.449991,18.4161,4.953751,18.7027,3.386467,19.1156,2.457641,19.4637,1.032857,20.4049,0.65622,20.8974,0.175469,22.3295
1.131932,6.548404,18.3997,5.024324,18.6873,3.428938,19.1021,2.484384,19.452,1.038526,20.399,0.657694,20.8949,0.174043,22.3384
1.15327,6.646108,18.3836,5.094245,18.6723,3.470855,19.0889,2.510662,19.4405,1.043952,20.3933,0.659015,20.8928,0.172603,22.3474
1.174608,6.743113,18.3678,5.163525,18.6576,3.512227,19.076,2.536482,19.4294,1.049142,20.3879,0.660188,20.8908,0.17115,22.3566
1.195946,6.839427,18.3525,5.232171,18.6433,3.553063,19.0635,2.561854,19.4186,1.054102,20.3828,0.661218,20.8891,0.169687,22.3659
1.217284,6.935058,18.3374,5.300192,18.6293,3.593371,19.0512,2.586786,19.4081,1.05884,20.3779,0.662111,20.8877,0.168214,22.3753
1.238622,7.030015,18.3226,5.367596,18.6156,3.63316,19.0393,2.611286,19.3979,1.063362,20.3733,0.662872,20.8864,0.166734,22.3849
1.25996,7.124304,18.3081,5.434392,18.6021,3.672438,19.0276,2.635362,19.3879,1.067673,20.3689,0.663507,20.8854,0.165249,22.3947
1.281298,7.217934,18.294,5.500587,18.589,3.711213,19.0162,2.659022,19.3782,1.071781,20.3647,0.664018,20.8845,0.163759,22.4045
1.302635,7.310912,18.2801,5.566189,18.5761,3.749492,19.0051,2.682274,19.3687,1.075691,20.3608,0.664412,20.8839,0.162266,22.4144
1.323973,7.403245,18.2664,5.631205,18.5635,3.787284,18.9942,2.705124,19.3595,1.079408,20.357,0.664693,20.8834,0.16077,22.4245
1.345311,7.494941,18.2531,5.695644,18.5511,3.824595,18.9835,2.72758,19.3506,1.082939,20.3535,0.664865,20.8832,0.159274,22.4346
1.366649,7.586007,18.24,5.759511,18.539,3.861433,18.9731,2.74965,19.3418,1.086287,20.3501,0.664931,20.8831,0.157778,22.4449
1.387987,7.676449,18.2271,5.822815,18.5272,3.897806,18.9629,2.771338,19.3333,1.08946,20.347,0.664896,20.8831,0.156283,22.4552
1.409325,7.766274,18.2145,5.885562,18.5155,3.933718,18.953,2.792654,19.325,1.09246,20.344,0.664764,20.8833,0.15479,22.4656
1.430663,7.855489,18.2021,5.947759,18.5041,3.969179,18.9432,2.813602,19.3168,1.095294,20.3412,0.664538,20.8837,0.1533,22.4761
1.452001,7.9441,18.1899,6.009412,18.4929,4.004194,18.9337,2.834189,19.3089,1.097966,20.3385,0.664222,20.8842,0.151813,22.4867
1.473339,8.032114,18.1779,6.070528,18.4819,4.038769,18.9244,2.854421,19.3012,1.10048,20.336,0.663819,20.8849,0.150331,22.4974
1.494677,8.119536,18.1662,6.131114,18.4712,4.072911,18.9152,2.874305,19.2937,1.10284,20.3337,0.663332,20.8857,0.148854,22.5081
1.516015,8.206374,18.1546,6.191175,18.4606,4.106626,18.9063,2.893846,19.2863,1.105052,20.3315,0.662764,20.8866,0.147382,22.5189
1.537352,8.292632,18.1433,6.250718,18.4502,4.139921,18.8975,2.91305,19.2791,1.107118,20.3295,0.662119,20.8877,0.145917,22.5297
1.55869,8.378316,18.1321,6.309748,18.44,4.1728,18.8889,2.931923,19.2721,1.109044,20.3276,0.661399,20.8888,0.144458,22.5406
1.580028,8.463434,18.1211,6.368271,18.4299,4.20527,18.8805,2.950469,19.2653,1.110832,20.3259,0.660607,20.8901,0.143007,22.5516
1.601366,8.547989,18.1103,6.426294,18.4201,4.237336,18.8723,2.968695,19.2586,1.112487,20.3243,0.659746,20.8916,0.141563,22.5626
1.622704,8.631987,18.0997,6.483822,18.4104,4.269005,18.8642,2.986605,19.2521,1.114012,20.3228,0.658818,20.8931,0.140127,22.5737
1.644042,8.715435,18.0893,6.54086,18.4009,4.30028,18.8563,3.004206,19.2457,1.115411,20.3214,0.657826,20.8947,0.1387,22.5848
1.66538,8.798337,18.079,6.597414,18.3916,4.331169,18.8485,3.0215,19.2394,1.116686,20.3202,0.656773,20.8965,0.137282,22.596
1.686718,8.880699,18.0689,6.653489,18.3824,4.361675,18.8409,3.038495,19.2334,1.117843,20.319,0.65566,20.8983,0.135873,22.6072
1.708056,8.962525,18.0589,6.70909,18.3733,4.391804,18.8334,3.055194,19.2274,1.118882,20.318,0.654489,20.9002,0.134473,22.6184
1.729394,9.043821,18.0491,6.764223,18.3645,4.421561,18.8261,3.071602,19.2216,1.119809,20.3171,0.653264,20.9023,0.133083,22.6297
1.750732,9.124592,18.0395,6.818892,18.3557,4.450951,18.8189,3.087723,19.2159,1.120625,20.3163,0.651986,20.9044,0.131703,22.641
1.772069,9.204843,18.03,6.873103,18.3471,4.479979,18.8118,3.103563,19.2103,1.121334,20.3157,0.650658,20.9066,0.130333,22.6524
1.793407,9.284578,18.0206,6.92686,18.3387,4.508649,18.8049,3.119125,19.2049,1.121939,20.3151,0.64928,20.9089,0.128974,22.6637
1.814745,9.363802,18.0114,6.980168,18.3303,4.536966,18.7981,3.134414,19.1996,1.122442,20.3146,0.647856,20.9113,0.127625,22.6752
1.836083,9.442521,18.0023,7.033031,18.3221,4.564935,18.7914,3.149435,19.1944,1.122847,20.3142,0.646386,20.9138,0.126287,22.6866
1.857421,9.520737,17.9933,7.085456,18.3141,4.59256,18.7849,3.16419,19.1893,1.123155,20.3139,0.644873,20.9163,0.12496,22.6981
1.878759,9.598457,17.9845,7.137445,18.3061,4.619845,18.7784,3.178685,19.1844,1.12337,20.3137,0.643319,20.9189,0.123644,22.7096
1.900097,9.675684,17.9758,7.189003,18.2983,4.646795,18.7721,3.192923,19.1795,1.123493,20.3136,0.641724,20.9216,0.122339,22.7211
1.921435,9.752423,17.9672,7.240136,18.2906,4.673414,18.7659,3.206908,19.1748,1.123528,20.3135,0.640091,20.9244,0.121046,22.7326
1.942773,9.828678,17.9588,7.290846,18.2831,4.699706,18.7598,3.220644,19.1701,1.123476,20.3136,0.638422,20.9272,0.119763,22.7442
1.964111,9.904454,17.9504,7.341139,18.2756,4.725675,18.7538,3.234135,19.1656,1.12334,20.3137,0.636717,20.9301,0.118493,22.7558
1.985449,9.979753,17.9422,7.391019,18.2682,4.751325,18.748,3.247384,19.1612,1.123122,20.3139,0.634978,20.9331,0.117233,22.7674
2.006786,10.054582,17.9341,7.440489,18.261,4.77666,18.7422,3.260395,19.1568,1.122825,20.3142,0.633206,20.9361,0.115985,22.779
2.028124,10.128943,17.9261,7.489554,18.2539,4.801685,18.7365,3.273171,19.1526,1.12245,20.3146,0.631404,20.9392,0.114749,22.7906
2.049462,10.202841,17.9182,7.538217,18.2468,4.826401,18.7309,3.285717,19.1484,1.122,20.315,0.629571,20.9424,0.113524,22.8023
2.0708,10.276279,17.9104,7.586483,18.2399,4.850815,18.7255,3.298035,19.1444,1.121476,20.3155,0.627711,20.9456,0.112311,22.8139
2.092138,10.349262,17.9027,7.634356,18.2331,4.874928,18.7201,3.310128,19.1404,1.120881,20.3161,0.625822,20.9489,0.11111,22.8256
2.113476,10.421793,17.8951,7.681839,18.2263,4.898746,18.7148,3.322,19.1365,1.120217,20.3167,0.623908,20.9522,0.10992,22.8373
2.134814,10.493876,17.8877,7.728936,18.2197,4.92227,18.7096,3.333655,19.1327,1.119484,20.3175,0.621969,20.9556,0.108742,22.849
2.156152,10.565515,17.8803,7.77565,18.2132,4.945506,18.7045,3.345095,19.129,1.118686,20.3182,0.620006,20.959,0.107576,22.8607
2.17749,10.636713,17.873,7.821987,18.2067,4.968455,18.6994,3.356323,19.1253,1.117823,20.3191,0.61802,20.9625,0.106421,22.8724
2.198828,10.707474,17.8658,7.867948,18.2003,4.991122,18.6945,3.367343,19.1218,1.116899,20.32,0.616012,20.966,0.105277,22.8842
2.220166,10.777802,17.8587,7.913537,18.1941,5.01351,18.6896,3.378157,19.1183,1.115913,20.3209,0.613984,20.9696,0.104145,22.8959
2.241504,10.847699,17.8517,7.958758,18.1879,5.035622,18.6849,3.388769,19.1149,1.114868,20.3219,0.611936,20.9732,0.103025,22.9076
2.262841,10.917171,17.8447,8.003615,18.1818,5.057461,18.6802,3.39918,19.1116,1.113766,20.323,0.609869,20.9769,0.101916,22.9194
2.284179,10.986219,17.8379,8.048111,18.1758,5.079031,18.6755,3.409395,19.1083,1.112608,20.3241,0.607784,20.9806,0.100819,22.9311
2.305517,11.054847,17.8311,8.092248,18.1698,5.100335,18.671,3.419416,19.1051,1.111395,20.3253,0.605682,20.9844,0.099733,22.9429
2.326855,11.123059,17.8244,8.136031,18.164,5.121375,18.6665,3.429245,19.102,1.11013,20.3266,0.603564,20.9882,0.098658,22.9547
2.348193,11.190857,17.8178,8.179463,18.1582,5.142155,18.6621,3.438885,19.099,1.108813,20.3279,0.601431,20.992,0.097595,22.9664
2.369531,11.258246,17.8113,8.222546,18.1525,5.162678,18.6578,3.44834,19.096,1.107445,20.3292,0.599283,20.9959,0.096543,22.9782
2.390869,11.325228,17.8049,8.265285,18.1469,5.182946,18.6536,3.457611,19.0931,1.106029,20.3306,0.597121,20.9998,0.095502,22.99
2.412207,11.391807,17.7985,8.307681,18.1413,5.202962,18.6494,3.466701,19.0902,1.104566,20.332,0.594947,21.0038,0.094472,23.0017
2.433545,11.457985,17.7922,8.349739,18.1358,5.22273,18.6453,3.475612,19.0874,1.103056,20.3335,0.59276,21.0078,0.093453,23.0135
2.454883,11.523766,17.786,8.39146,18.1304,5.242252,18.6412,3.484348,19.0847,1.101502,20.335,0.590562,21.0118,0.092445,23.0253
2.476221,11.589152,17.7799,8.432849,18.1251,5.261531,18.6372,3.49291,19.082,1.099904,20.3366,0.588353,21.0159,0.091448,23.0371
2.497558,11.654147,17.7738,8.473908,18.1198,5.28057,18.6333,3.5013,19.0794,1.098263,20.3382,0.586133,21.02,0.090462,23.0488
2.518896,11.718753,17.7678,8.51464,18.1146,5.29937,18.6294,3.509522,19.0769,1.096582,20.3399,0.583904,21.0241,0.089486,23.0606
2.540234,11.782974,17.7619,8.555048,18.1094,5.317936,18.6256,3.517578,19.0744,1.09486,20.3416,0.581666,21.0283,0.088521,23.0724
2.561572,11.846813,17.756,8.595134,18.1044,5.336269,18.6219,3.525469,19.072,1.093099,20.3434,0.57942,21.0325,0.087566,23.0842
2.58291,11.910271,17.7502,8.634902,18.0994,5.354372,18.6182,3.533198,19.0696,1.091301,20.3451,0.577166,21.0367,0.086622,23.0959
2.604248,11.973353,17.7445,8.674353,18.0944,5.372247,18.6146,3.540767,19.0673,1.089465,20.347,0.574905,21.041,0.085689,23.1077
2.625586,12.03606,17.7388,8.713492,18.0895,5.389898,18.611,3.548179,19.065,1.087594,20.3488,0.572638,21.0453,0.084765,23.1195
2.646924,12.098396,17.7332,8.752321,18.0847,5.407326,18.6075,3.555435,19.0628,1.085689,20.3507,0.570364,21.0496,0.083852,23.1312
2.668262,12.160364,17.7276,8.790841,18.0799,5.424534,18.6041,3.562537,19.0606,1.083749,20.3527,0.568085,21.054,0.082949,23.143
2.6896,12.221965,17.7221,8.829057,18.0752,5.441524,18.6007,3.569488,19.0585,1.081777,20.3547,0.5658,21.0583,0.082056,23.1547
2.710938,12.283203,17.7167,8.86697,18.0706,5.458298,18.5974,3.57629,19.0564,1.079773,20.3567,0.563511,21.0627,0.081173,23.1665
2.732275,12.34408,17.7114,8.904583,18.066,5.47486,18.5941,3.582944,19.0544,1.077738,20.3587,0.561218,21.0672,0.0803,23.1782
2.753613,12.404599,17.706,8.941899,18.0614,5.491211,18.5908,3.589453,19.0524,1.075673,20.3608,0.558921,21.0716,0.079436,23.19
2.774951,12.464762,17.7008,8.978919,18.0569,5.507353,18.5876,3.595818,19.0505,1.073579,20.3629,0.556621,21.0761,0.078583,23.2017
2.796289,12.524573,17.6956,9.015647,18.0525,5.523288,18.5845,3.602042,19.0486,1.071457,20.3651,0.554319,21.0806,0.077738,23.2134
2.817627,12.584032,17.6905,9.052085,18.0481,5.53902,18.5814,3.608126,19.0468,1.069307,20.3672,0.552013,21.0851,0.076904,23.2251
2.838965,12.643144,17.6854,9.088235,18.0438,5.554549,18.5784,3.614072,19.045,1.067131,20.3695,0.549706,21.0897,0.076078,23.2368
2.860303,12.70191,17.6803,9.1241,18.0395,5.569879,18.5754,3.619882,19.0433,1.06493,20.3717,0.547397,21.0942,0.075262,23.2486
2.881641,12.760333,17.6753,9.159682,18.0353,5.585011,18.5724,3.625558,19.0416,1.062703,20.374,0.545087,21.0988,0.074455,23.2603
2.902979,12.818415,17.6704,9.194984,18.0311,5.599947,18.5695,3.631101,19.0399,1.060452,20.3763,0.542776,21.1034,0.073658,23.272
2.924317,12.876158,17.6655,9.230006,18.027,5.61469,18.5667,3.636513,19.0383,1.058177,20.3786,0.540465,21.1081,0.072869,23.2836
2.945655,12.933565,17.6607,9.264753,18.0229,5.62924,18.5639,3.641796,19.0367,1.05588,20.381,0.538153,21.1127,0.072089,23.2953
2.966992,12.990639,17.6559,9.299226,18.0189,5.643601,18.5611,3.646952,19.0352,1.053561,20.3834,0.535841,21.1174,0.071318,23.307
2.98833,13.04738,17.6512,9.333427,18.0149,5.657775,18.5584,3.651982,19.0337,1.05122,20.3858,0.53353,21.1221,0.070556,23.3187
3.009668,13.103793,17.6465,9.367359,18.011,5.671762,18.5557,3.656888,19.0322,1.048859,20.3882,0.53122,21.1268,0.069802,23.3303
3.031006,13.159879,17.6419,9.401024,18.0071,5.685566,18.5531,3.661672,19.0308,1.046478,20.3907,0.528911,21.1315,0.069057,23.342
3.052344,13.215639,17.6373,9.434423,18.0032,5.699188,18.5505,3.666334,19.0294,1.044078,20.3932,0.526603,21.1363,0.06832,23.3536
3.073682,13.271078,17.6327,9.467559,17.9994,5.71263,18.5479,3.670878,19.0281,1.041659,20.3957,0.524296,21.1411,0.067592,23.3653
3.09502,13.326195,17.6282,9.500434,17.9956,5.725893,18.5454,3.675303,19.0268,1.039222,20.3982,0.521992,21.1458,0.066872,23.3769
3.116358,13.380995,17.6238,9.53305,17.9919,5.73898,18.5429,3.679612,19.0255,1.036767,20.4008,0.519689,21.1506,0.066161,23.3885
3.137696,13.435478,17.6194,9.56541,17.9882,5.751892,18.5405,3.683806,19.0243,1.034296,20.4034,0.517389,21.1555,0.065457,23.4001
3.159034,13.489647,17.615,9.597514,17.9846,5.764632,18.5381,3.687887,19.0231,1.031808,20.406,0.515092,21.1603,0.064761,23.4117
3.180372,13.543504,17.6107,9.629366,17.981,5.7772,18.5357,3.691856,19.0219,1.029305,20.4086,0.512798,21.1651,0.064074,23.4233
3.201709,13.597052,17.6064,9.660966,17.9774,5.789599,18.5334,3.695714,19.0208,1.026787,20.4113,0.510506,21.17,0.063394,23.4349
3.223047,13.650291,17.6021,9.692318,17.9739,5.80183,18.5311,3.699464,19.0197,1.024254,20.414,0.508218,21.1749,0.062722,23.4465
3.244385,13.703225,17.5979,9.723423,17.9705,5.813895,18.5288,3.703106,19.0186,1.021706,20.4167,0.505934,21.1798,0.062057,23.458
3.265723,13.755854,17.5938,9.754282,17.967,5.825796,18.5266,3.706641,19.0175,1.019146,20.4194,0.503653,21.1847,0.0614,23.4696
3.287061,13.808182,17.5897,9.784898,17.9636,5.837534,18.5244,3.710072,19.0165,1.016572,20.4222,0.501376,21.1896,0.060751,23.4811
3.308399,13.86021,17.5856,9.815273,17.9602,5.84911,18.5223,3.713399,19.0156,1.013986,20.4249,0.499103,21.1945,0.060109,23.4926
3.329737,13.91194,17.5815,9.845409,17.9569,5.860528,18.5202,3.716623,19.0146,1.011387,20.4277,0.496835,21.1995,0.059475,23.5042
3.351075,13.963373,17.5775,9.875307,17.9536,5.871787,18.5181,3.719747,19.0137,1.008777,20.4305,0.494571,21.2044,0.058847,23.5157
3.372413,14.014513,17.5736,9.904969,17.9504,5.882891,18.516,3.722771,19.0128,1.006156,20.4333,0.492312,21.2094,0.058227,23.5272
3.393751,14.06536,17.5696,9.934396,17.9471,5.893839,18.514,3.725696,19.012,1.003524,20.4362,0.490057,21.2144,0.057614,23.5387
3.415089,14.115917,17.5657,9.963592,17.944,5.904634,18.512,3.728524,19.0112,1.000882,20.439,0.487808,21.2194,0.057008,23.5502
3.436426,14.166186,17.5619,9.992557,17.9408,5.915277,18.5101,3.731256,19.0104,0.99823,20.4419,0.485564,21.2244,0.056409,23.5616
3.457764,14.216168,17.558,10.021293,17.9377,5.92577,18.5081,3.733894,19.0096,0.995569,20.4448,0.483325,21.2294,0.055816,23.5731
3.479102,14.265864,17.5543,10.049802,17.9346,5.936114,18.5062,3.736438,19.0089,0.992899,20.4477,0.481091,21.2344,0.055231,23.5845
3.50044,14.315278,17.5505,10.078086,17.9316,5.946311,18.5044,3.738889,19.0081,0.99022,20.4507,0.478863,21.2395,0.054652,23.596
3.521778,14.36441,17.5468,10.106146,17.9285,5.956362,18.5025,3.741249,19.0075,0.987533,20.4536,0.476641,21.2445,0.054079,23.6074
3.543116,14.413263,17.5431,10.133983,17.9255,5.966269,18.5007,3.743519,19.0068,0.984838,20.4566,0.474424,21.2496,0.053514,23.6188
3.564454,14.461838,17.5394,10.161601,17.9226,5.976032,18.499,3.7457,19.0062,0.982136,20.4596,0.472214,21.2547,0.052954,23.6302
3.585792,14.510137,17.5358,10.189,17.9197,5.985654,18.4972,3.747793,19.0056,0.979427,20.4626,0.470009,21.2597,0.052401,23.6416
3.60713,14.558161,17.5322,10.216181,17.9168,5.995135,18.4955,3.749799,19.005,0.976711,20.4656,0.467811,21.2648,0.051855,23.653
3.628468,14.605913,17.5287,10.243147,17.9139,6.004477,18.4938,3.75172,19.0044,0.973988,20.4686,0.465619,21.2699,0.051314,23.6644
3.649806,14.653393,17.5252,10.269899,17.9111,6.013682,18.4921,3.753556,19.0039,0.97126,20.4717,0.463433,21.275,0.05078,23.6758
3.671143,14.700605,17.5217,10.296439,17.9083,6.02275,18.4905,3.755308,19.0034,0.968526,20.4747,0.461254,21.2801,0.050252,23.6871
3.692481,14.747548,17.5182,10.322767,17.9055,6.031684,18.4889,3.756978,19.0029,0.965786,20.4778,0.459081,21.2853,0.049729,23.6985
3.713819,14.794226,17.5148,10.348887,17.9028,6.040483,18.4873,3.758566,19.0024,0.963042,20.4809,0.456916,21.2904,0.049213,23.7098
3.735157,14.840639,17.5114,10.374798,17.9001,6.049151,18.4858,3.760074,19.002,0.960293,20.484,0.454757,21.2956,0.048703,23.7211
3.756495,14.886789,17.508,10.400504,17.8974,6.057687,18.4842,3.761502,19.0016,0.957539,20.4871,0.452604,21.3007,0.048198,23.7324
3.777833,14.932678,17.5047,10.426004,17.8947,6.066093,18.4827,3.762852,19.0012,0.954781,20.4902,0.450459,21.3059,0.047699,23.7437
3.799171,14.978308,17.5013,10.451301,17.8921,6.07437,18.4812,3.764124,19.0008,0.95202,20.4934,0.448321,21.311,0.047206,23.755
3.820509,15.023679,17.4981,10.476397,17.8895,6.08252,18.4798,3.76532,19.0005,0.949255,20.4965,0.44619,21.3162,0.046718,23.7663
3.841847,15.068794,17.4948,10.501292,17.8869,6.090544,18.4784,3.76644,19.0002,0.946486,20.4997,0.444066,21.3214,0.046236,23.7775
3.863185,15.113653,17.4916,10.525988,17.8843,6.098443,18.477,3.767485,18.9999,0.943715,20.5029,0.441949,21.3266,0.04576,23.7888
3.884523,15.15826,17.4884,10.550486,17.8818,6.106218,18.4756,3.768457,18.9996,0.940941,20.5061,0.43984,21.3318,0.045288,23.8
3.90586,15.202614,17.4852,10.574788,17.8793,6.11387,18.4742,3.769356,18.9993,0.938164,20.5093,0.437738,21.337,0.044823,23.8113
3.927198,15.246718,17.4821,10.598896,17.8768,6.121401,18.4729,3.770182,18.9991,0.935386,20.5125,0.435643,21.3422,0.044362,23.8225
3.948536,15.290573,17.4789,10.62281,17.8744,6.128811,18.4716,3.770938,18.9989,0.932605,20.5158,0.433556,21.3474,0.043906,23.8337
3.969874,15.33418,17.4758,10.646532,17.872,6.136102,18.4703,3.771624,18.9987,0.929823,20.519,0.431477,21.3526,0.043456,23.8449
3.991212,15.377541,17.4728,10.670064,17.8696,6.143275,18.469,3.77224,18.9985,0.927039,20.5223,0.429405,21.3578,0.043011,23.8561
4.01255,15.420658,17.4697,10.693406,17.8672,6.150331,18.4678,3.772787,18.9983,0.924254,20.5255,0.427341,21.3631,0.042571,23.8672
4.033888,15.463531,17.4667,10.71656,17.8649,6.157271,18.4665,3.773268,18.9982,0.921468,20.5288,0.425284,21.3683,0.042136,23.8784
4.055226,15.506163,17.4637,10.739528,17.8625,6.164096,18.4653,3.773681,18.9981,0.918681,20.5321,0.423235,21.3735,0.041705,23.8895
4.076564,15.548554,17.4608,10.76231,17.8602,6.170807,18.4641,3.774028,18.998,0.915893,20.5354,0.421194,21.3788,0.04128,23.9007
4.097902,15.590707,17.4578,10.784908,17.858,6.177406,18.463,3.77431,18.9979,0.913105,20.5387,0.419161,21.384,0.040859,23.9118
4.11924,15.632622,17.4549,10.807324,17.8557,6.183893,18.4618,3.774528,18.9978,0.910317,20.542,0.417136,21.3893,0.040443,23.9229
4.140578,15.6743,17.452,10.829558,17.8535,6.190269,18.4607,3.774682,18.9978,0.907529,20.5453,0.415118,21.3946,0.040032,23.934
4.161915,15.715744,17.4492,10.851612,17.8513,6.196536,18.4596,3.774774,18.9978,0.904742,20.5487,0.413109,21.3998,0.039625,23.9451
4.183253,15.756954,17.4463,10.873486,17.8491,6.202694,18.4585,3.774803,18.9978,0.901954,20.552,0.411107,21.4051,0.039223,23.9562
4.204591,15.797933,17.4435,10.895183,17.8469,6.208744,18.4575,3.774772,18.9978,0.899168,20.5554,0.409113,21.4104,0.038825,23.9672
4.225929,15.83868,17.4407,10.916704,17.8448,6.214688,18.4565,3.774679,18.9978,0.896382,20.5588,0.407128,21.4157,0.038432,23.9783
4.247267,15.879198,17.4379,10.938049,17.8427,6.220526,18.4554,3.774528,18.9978,0.893597,20.5621,0.40515,21.421,0.038043,23.9893
4.268605,15.919488,17.4352,10.95922,17.8406,6.22626,18.4544,3.774317,18.9979,0.890813,20.5655,0.403181,21.4263,0.037659,24.0003
4.289943,15.959551,17.4324,10.980218,17.8385,6.23189,18.4535,3.774047,18.998,0.888031,20.5689,0.401219,21.4315,0.037279,24.0113
4.311281,15.999388,17.4297,11.001045,17.8364,6.237417,18.4525,3.773721,18.9981,0.88525,20.5723,0.399266,21.4368,0.036903,24.0224
4.332619,16.039001,17.4271,11.021701,17.8344,6.242843,18.4515,3.773337,18.9982,0.882471,20.5757,0.397321,21.4421,0.036531,24.0333
4.353957,16.078391,17.4244,11.042187,17.8324,6.248167,18.4506,3.772897,18.9983,0.879693,20.5792,0.395384,21.4475,0.036163,24.0443
4.375295,16.117559,17.4218,11.062506,17.8304,6.253392,18.4497,3.772402,18.9985,0.876918,20.5826,0.393455,21.4528,0.0358,24.0553
4.396632,16.156507,17.4191,11.082657,17.8284,6.258518,18.4488,3.771852,18.9986,0.874145,20.586,0.391534,21.4581,0.03544,24.0663
4.41797,16.195235,17.4165,11.102642,17.8264,6.263545,18.4479,3.771248,18.9988,0.871374,20.5895,0.389621,21.4634,0.035085,24.0772
4.439308,16.233745,17.414,11.122462,17.8245,6.268476,18.4471,3.77059,18.999,0.868605,20.5929,0.387717,21.4687,0.034733,24.0881
4.460646,16.272039,17.4114,11.142119,17.8226,6.27331,18.4463,3.76988,18.9992,0.865839,20.5964,0.385821,21.474,0.034386,24.099
4.481984,16.310117,17.4089,11.161613,17.8207,6.278048,18.4454,3.769117,18.9994,0.863075,20.5999,0.383933,21.4794,0.034042,24.11
4.503322,16.34798,17.4063,11.180945,17.8188,6.282692,18.4446,3.768303,18.9996,0.860315,20.6034,0.382053,21.4847,0.033702,24.1209
4.52466,16.38563,17.4038,11.200117,17.8169,6.287243,18.4438,3.767439,18.9999,0.857557,20.6068,0.380181,21.49,0.033366,24.1317
4.545998,16.423068,17.4014,11.21913,17.8151,6.2917,18.4431,3.766524,19.0001,0.854803,20.6103,0.378318,21.4954,0.033033,24.1426
4.567336,16.460295,17.3989,11.237984,17.8133,6.296066,18.4423,3.765559,19.0004,0.852052,20.6138,0.376463,21.5007,0.032705,24.1535
4.588674,16.497312,17.3965,11.256682,17.8115,6.30034,18.4416,3.764545,19.0007,0.849304,20.6173,0.374616,21.506,0.032379,24.1643
4.610012,16.534121,17.394,11.275222,17.8097,6.304524,18.4409,3.763483,19.001,0.846559,20.6209,0.372777,21.5114,0.032058,24.1752
4.631349,16.570722,17.3916,11.293608,17.8079,6.308618,18.4402,3.762374,19.0013,0.843818,20.6244,0.370947,21.5167,0.03174,24.186
4.652687,16.607117,17.3893,11.31184,17.8062,6.312624,18.4395,3.761217,19.0017,0.841081,20.6279,0.369124,21.5221,0.031425,24.1968
4.674025,16.643307,17.3869,11.329918,17.8044,6.316542,18.4388,3.760013,19.002,0.838348,20.6314,0.36731,21.5274,0.031114,24.2076
4.695363,16.679293,17.3846,11.347845,17.8027,6.320372,18.4381,3.758763,19.0024,0.835618,20.635,0.365504,21.5328,0.030806,24.2184
4.716701,16.715076,17.3822,11.36562,17.801,6.324117,18.4375,3.757468,19.0028,0.832893,20.6385,0.363707,21.5381,0.030502,24.2292
4.738039,16.750657,17.3799,11.383245,17.7993,6.327775,18.4369,3.756128,19.0031,0.830171,20.6421,0.361917,21.5435,0.030201,24.2399
4.759377,16.786037,17.3776,11.400721,17.7977,6.331349,18.4363,3.754744,19.0035,0.827454,20.6456,0.360136,21.5488,0.029903,24.2507
4.780715,16.821217,17.3754,11.418049,17.796,6.334839,18.4357,3.753316,19.004,0.824741,20.6492,0.358363,21.5542,0.029609,24.2614
4.802053,16.856199,17.3731,11.43523,17.7944,6.338245,18.4351,3.751845,19.0044,0.822033,20.6528,0.356598,21.5596,0.029318,24.2722
4.823391,16.890983,17.3709,11.452264,17.7928,6.341569,18.4345,3.75033,19.0048,0.819329,20.6564,0.354841,21.5649,0.029029,24.2829
4.844729,16.925571,17.3686,11.469154,17.7912,6.344811,18.434,3.748774,19.0053,0.81663,20.6599,0.353093,21.5703,0.028745,24.2936
4.866066,16.959964,17.3664,11.485899,17.7896,6.347973,18.4334,3.747176,19.0057,0.813935,20.6635,0.351352,21.5756,0.028463,24.3043
4.887404,16.994162,17.3643,11.5025,17.788,6.351053,18.4329,3.745537,19.0062,0.811245,20.6671,0.34962,21.581,0.028184,24.315
4.908742,17.028167,17.3621,11.518959,17.7865,6.354054,18.4324,3.743858,19.0067,0.80856,20.6707,0.347896,21.5864,0.027908,24.3257
4.93008,17.061979,17.3599,11.535277,17.7849,6.356977,18.4319,3.742138,19.0072,0.80588,20.6743,0.346179,21.5917,0.027635,24.3363
4.951418,17.0956,17.3578,11.551454,17.7834,6.359821,18.4314,3.740378,19.0077,0.803205,20.6779,0.344471,21.5971,0.027366,24.347
4.972756,17.129031,17.3557,11.567492,17.7819,6.362587,18.4309,3.73858,19.0082,0.800534,20.6815,0.342771,21.6025,0.027099,24.3576
4.994094,17.162273,17.3536,11.58339,17.7804,6.365277,18.4305,3.736743,19.0088,0.79787,20.6852,0.341079,21.6079,0.026835,24.3683
5.015432,17.195326,17.3515,11.599151,17.7789,6.36789,18.43,3.734867,19.0093,0.79521,20.6888,0.339396,21.6132,0.026574,24.3789
5.03677,17.228193,17.3494,11.614775,17.7775,6.370428,18.4296,3.732954,19.0099,0.792555,20.6924,0.33772,21.6186,0.026315,24.3895
5.058108,17.260872,17.3473,11.630263,17.776,6.372892,18.4292,3.731004,19.0104,0.789906,20.6961,0.336052,21.624,0.02606,24.4001
5.079446,17.293367,17.3453,11.645615,17.7746,6.375281,18.4288,3.729017,19.011,0.787263,20.6997,0.334392,21.6294,0.025807,24.4106
5.100783,17.325677,17.3433,11.660833,17.7732,6.377596,18.4284,3.726994,19.0116,0.784625,20.7033,0.33274,21.6347,0.025557,24.4212
5.122121,17.357804,17.3413,11.675918,17.7718,6.379839,18.428,3.724935,19.0122,0.781992,20.707,0.331096,21.6401,0.02531,24.4318
5.143459,17.389749,17.3393,11.69087,17.7704,6.38201,18.4276,3.72284,19.0128,0.779365,20.7106,0.32946,21.6455,0.025065,24.4423
5.164797,17.421512,17.3373,11.70569,17.769,6.384109,18.4272,3.720711,19.0134,0.776744,20.7143,0.327832,21.6509,0.024823,24.4529
5.186135,17.453095,17.3353,11.720379,17.7676,6.386138,18.4269,3.718547,19.0141,0.774128,20.718,0.326212,21.6563,0.024584,24.4634
5.207473,17.484498,17.3334,11.734939,17.7663,6.388096,18.4266,3.71635,19.0147,0.771519,20.7216,0.324599,21.6616,0.024347,24.4739
5.228811,17.515722,17.3314,11.749368,17.765,6.389984,18.4263,3.714118,19.0154,0.768915,20.7253,0.322995,21.667,0.024112,24.4844
5.250149,17.546769,17.3295,11.76367,17.7636,6.391803,18.4259,3.711854,19.016,0.766317,20.729,0.321398,21.6724,0.02388,24.4949
5.271487,17.577639,17.3276,11.777843,17.7623,6.393554,18.4256,3.709556,19.0167,0.763725,20.7327,0.319809,21.6778,0.023651,24.5054
5.292825,17.608333,17.3257,11.79189,17.761,6.395237,18.4254,3.707226,19.0174,0.761139,20.7363,0.318228,21.6832,0.023424,24.5158
5.314163,17.638852,17.3238,11.805811,17.7598,6.396853,18.4251,3.704865,19.0181,0.758559,20.74,0.316655,21.6885,0.0232,24.5263
5.3355,17.669197,17.322,11.819606,17.7585,6.398403,18.4248,3.702472,19.0188,0.755985,20.7437,0.315089,21.6939,0.022977,24.5367
5.356838,17.699369,17.3201,11.833277,17.7572,6.399886,18.4246,3.700047,19.0195,0.753417,20.7474,0.313531,21.6993,0.022758,24.5472
5.378176,17.729368,17.3183,11.846825,17.756,6.401304,18.4243,3.697592,19.0202,0.750856,20.7511,0.311981,21.7047,0.02254,24.5576
5.399514,17.759196,17.3164,11.860249,17.7548,6.402657,18.4241,3.695107,19.0209,0.7483,20.7548,0.310439,21.7101,0.022325,24.568
5.420852,17.788854,17.3146,11.873551,17.7535,6.403946,18.4239,3.692592,19.0217,0.745751,20.7585,0.308904,21.7154,0.022112,24.5784
5.44219,17.818342,17.3128,11.886732,17.7523,6.405171,18.4237,3.690047,19.0224,0.743209,20.7622,0.307376,21.7208,0.021902,24.5888
5.463528,17.847661,17.311,11.899793,17.7512,6.406332,18.4235,3.687473,19.0232,0.740672,20.7659,0.305857,21.7262,0.021693,24.5992
5.484866,17.876813,17.3093,11.912733,17.75,6.407431,18.4233,3.68487,19.0239,0.738142,20.7696,0.304345,21.7316,0.021487,24.6095
5.506204,17.905797,17.3075,11.925555,17.7488,6.408469,18.4231,3.682239,19.0247,0.735619,20.7734,0.30284,21.737,0.021283,24.6199
5.527542,17.934615,17.3058,11.938258,17.7476,6.409444,18.4229,3.679579,19.0255,0.733101,20.7771,0.301343,21.7423,0.021081,24.6303
5.54888,17.963268,17.304,11.950843,17.7465,6.410359,18.4228,3.676892,19.0263,0.730591,20.7808,0.299853,21.7477,0.020882,24.6406
5.570217,17.991756,17.3023,11.963312,17.7454,6.411213,18.4226,3.674178,19.0271,0.728087,20.7845,0.298371,21.7531,0.020684,24.6509
5.591555,18.02008,17.3006,11.975664,17.7443,6.412007,18.4225,3.671437,19.0279,0.725589,20.7883,0.296896,21.7585,0.020489,24.6612
5.612893,18.048241,17.2989,11.987901,17.7431,6.412742,18.4224,3.668669,19.0287,0.723098,20.792,0.295429,21.7639,0.020295,24.6715
5.634231,18.076241,17.2972,12.000023,17.742,6.413418,18.4223,3.665875,19.0296,0.720614,20.7957,0.293969,21.7692,0.020104,24.6818
5.655569,18.104079,17.2956,12.012031,17.741,6.414036,18.4222,3.663054,19.0304,0.718136,20.7995,0.292517,21.7746,0.019914,24.6921
5.676907,18.131756,17.2939,12.023926,17.7399,6.414596,18.4221,3.660209,19.0312,0.715665,20.8032,0.291071,21.78,0.019727,24.7024
5.698245,18.159274,17.2923,12.035708,17.7388,6.415099,18.422,3.657338,19.0321,0.713201,20.807,0.289633,21.7854,0.019541,24.7126
5.719583,18.186634,17.2906,12.047379,17.7378,6.415544,18.4219,3.654442,19.0329,0.710743,20.8107,0.288203,21.7908,0.019358,24.7229
5.740921,18.213835,17.289,12.058938,17.7367,6.415934,18.4219,3.651521,19.0338,0.708292,20.8145,0.286779,21.7961,0.019176,24.7331
5.762259,18.240878,17.2874,12.070386,17.7357,6.416267,18.4218,3.648576,19.0347,0.705848,20.8182,0.285363,21.8015,0.018996,24.7433
5.783597,18.267766,17.2858,12.081725,17.7347,6.416546,18.4217,3.645608,19.0356,0.703411,20.822,0.283954,21.8069,0.018818,24.7535
5.804934,18.294497,17.2842,12.092954,17.7337,6.416769,18.4217,3.642615,19.0365,0.70098,20.8257,0.282552,21.8123,0.018642,24.7637
5.826272,18.321074,17.2826,12.104075,17.7327,6.416938,18.4217,3.639599,19.0374,0.698556,20.8295,0.281157,21.8176,0.018468,24.7739
5.84761,18.347496,17.2811,12.115088,17.7317,6.417054,18.4217,3.636561,19.0383,0.69614,20.8333,0.279769,21.823,0.018296,24.7841
5.868948,18.373765,17.2795,12.125994,17.7307,6.417115,18.4217,3.633499,19.0392,0.69373,20.837,0.278389,21.8284,0.018125,24.7943
5.890286,18.399882,17.278,12.136794,17.7297,6.417124,18.4216,3.630416,19.0401,0.691326,20.8408,0.277015,21.8337,0.017956,24.8045
5.911624,18.425846,17.2764,12.147487,17.7288,6.417081,18.4217,3.62731,19.041,0.68893,20.8446,0.275648,21.8391,0.017789,24.8146
5.932962,18.451659,17.2749,12.158076,17.7278,6.416985,18.4217,3.624182,19.042,0.686541,20.8483,0.274289,21.8445,0.017624,24.8247
5.9543,18.477322,17.2734,12.168559,17.7269,6.416838,18.4217,3.621033,19.0429,0.684158,20.8521,0.272936,21.8498,0.01746,24.8349
5.975638,18.502835,17.2719,12.178939,17.726,6.416639,18.4217,3.617863,19.0439,0.681783,20.8559,0.27159,21.8552,0.017298,24.845
5.996976,18.5282,17.2704,12.189215,17.7251,6.41639,18.4218,3.614671,19.0448,0.679414,20.8597,0.270251,21.8606,0.017138,24.8551
6.018314,18.553416,17.2689,12.199389,17.7242,6.416091,18.4218,3.611459,19.0458,0.677053,20.8634,0.268919,21.8659,0.016979,24.8652
6.039652,18.578484,17.2675,12.209461,17.7233,6.415742,18.4219,3.608227,19.0468,0.674698,20.8672,0.267594,21.8713,0.016822,24.8753
6.060989,18.603406,17.266,12.219431,17.7224,6.415344,18.422,3.604975,19.0477,0.672351,20.871,0.266276,21.8767,0.016667,24.8854
6.082327,18.628181,17.2646,12.2293,17.7215,6.414897,18.422,3.601703,19.0487,0.67001,20.8748,0.264964,21.882,0.016513,24.8954
6.103665,18.652812,17.2631,12.239069,17.7206,6.414401,18.4221,3.598411,19.0497,0.667677,20.8786,0.263659,21.8874,0.016361,24.9055
6.125003,18.677297,17.2617,12.248739,17.7198,6.413857,18.4222,3.5951,19.0507,0.66535,20.8824,0.262361,21.8928,0.01621,24.9155
6.146341,18.701639,17.2603,12.258309,17.7189,6.413266,18.4223,3.59177,19.0517,0.663031,20.8862,0.26107,21.8981,0.016061,24.9256
6.167679,18.725838,17.2589,12.267781,17.7181,6.412627,18.4224,3.588422,19.0527,0.660718,20.89,0.259785,21.9035,0.015913,24.9356
6.189017,18.749894,17.2575,12.277155,17.7173,6.411942,18.4225,3.585055,19.0538,0.658413,20.8938,0.258507,21.9088,0.015767,24.9456
6.210355,18.773808,17.2561,12.286432,17.7164,6.41121,18.4227,3.58167,19.0548,0.656114,20.8976,0.257235,21.9142,0.015623,24.9556
6.231693,18.797581,17.2547,12.295612,17.7156,6.410432,18.4228,3.578267,19.0558,0.653823,20.9013,0.25597,21.9195,0.01548,24.9656
6.253031,18.821213,17.2534,12.304697,17.7148,6.409609,18.4229,3.574846,19.0569,0.651539,20.9051,0.254712,21.9249,0.015338,24.9756
6.274369,18.844706,17.252,12.313685,17.714,6.40874,18.4231,3.571408,19.0579,0.649261,20.909,0.25346,21.9302,0.015198,24.9856
6.295706,18.868059,17.2507,12.322579,17.7132,6.407827,18.4232,3.567952,19.059,0.646991,20.9128,0.252214,21.9356,0.015059,24.9955
6.317044,18.891274,17.2493,12.331378,17.7125,6.406869,18.4234,3.56448,19.06,0.644728,20.9166,0.250975,21.9409,0.014921,25.0055
6.338382,18.914351,17.248,12.340084,17.7117,6.405867,18.4236,3.560991,19.0611,0.642472,20.9204,0.249742,21.9463,0.014785,25.0154
6.35972,18.937291,17.2467,12.348696,17.7109,6.404822,18.4237,3.557485,19.0621,0.640223,20.9242,0.248516,21.9516,0.014651,25.0254
6.381058,18.960094,17.2454,12.357216,17.7102,6.403733,18.4239,3.553963,19.0632,0.637981,20.928,0.247296,21.957,0.014517,25.0353
6.402396,18.982762,17.2441,12.365643,17.7095,6.402602,18.4241,3.550426,19.0643,0.635746,20.9318,0.246082,21.9623,0.014385,25.0452
6.423734,19.005294,17.2428,12.373979,17.7087,6.401428,18.4243,3.546872,19.0654,0.633518,20.9356,0.244875,21.9676,0.014255,25.0551
6.445072,19.027692,17.2415,12.382224,17.708,6.400212,18.4245,3.543303,19.0665,0.631298,20.9394,0.243674,21.973,0.014126,25.065
6.46641,19.049956,17.2403,12.390379,17.7073,6.398954,18.4247,3.539719,19.0676,0.629084,20.9432,0.242479,21.9783,0.013998,25.0749
6.487748,19.072087,17.239,12.398443,17.7066,6.397655,18.4249,3.53612,19.0687,0.626878,20.947,0.241291,21.9836,0.013871,25.0847
6.509086,19.094085,17.2378,12.406418,17.7059,6.396315,18.4252,3.532505,19.0698,0.624678,20.9509,0.240108,21.989,0.013745,25.0946
6.530423,19.115951,17.2365,12.414304,17.7052,6.394934,18.4254,3.528877,19.0709,0.622486,20.9547,0.238932,21.9943,0.013621,25.1045
6.551761,19.137685,17.2353,12.422102,17.7045,6.393513,18.4257,3.525233,19.072,0.6203,20.9585,0.237762,21.9996,0.013498,25.1143
6.573099,19.159289,17.2341,12.429812,17.7038,6.392052,18.4259,3.521576,19.0732,0.618122,20.9623,0.236598,22.005,0.013377,25.1241
6.594437,19.180762,17.2328,12.437435,17.7032,6.390551,18.4262,3.517905,19.0743,0.615951,20.9661,0.23544,22.0103,0.013256,25.134
6.615775,19.202106,17.2316,12.444971,17.7025,6.389011,18.4264,3.514219,19.0754,0.613787,20.97,0.234288,22.0156,0.013137,25.1438
6.637113,19.223322,17.2304,12.45242,17.7019,6.387433,18.4267,3.510521,19.0766,0.61163,20.9738,0.233142,22.0209,0.013019,25.1536
6.658451,19.244408,17.2292,12.459784,17.7012,6.385816,18.427,3.506809,19.0777,0.60948,20.9776,0.232002,22.0263,0.012902,25.1634
6.679789,19.265367,17.2281,12.467063,17.7006,6.38416,18.4272,3.503083,19.0789,0.607337,20.9814,0.230868,22.0316,0.012786,25.1732
6.701127,19.286199,17.2269,12.474256,17.7,6.382467,18.4275,3.499345,19.08,0.605201,20.9853,0.22974,22.0369,0.012672,25.1829
6.722465,19.306905,17.2257,12.481366,17.6993,6.380736,18.4278,3.495594,19.0812,0.603072,20.9891,0.228617,22.0422,0.012558,25.1927
6.743803,19.327484,17.2246,12.488391,17.6987,6.378968,18.4281,3.491831,19.0824,0.60095,20.9929,0.227501,22.0475,0.012446,25.2024
6.76514,19.347938,17.2234,12.495334,17.6981,6.377163,18.4284,3.488055,19.0835,0.598835,20.9967,0.22639,22.0529,0.012335,25.2122
6.786478,19.368267,17.2223,12.502194,17.6975,6.375322,18.4287,3.484267,19.0847,0.596727,21.0006,0.225285,22.0582,0.012224,25.2219
6.807816,19.388472,17.2211,12.508971,17.6969,6.373444,18.4291,3.480467,19.0859,0.594626,21.0044,0.224186,22.0635,0.012115,25.2317
6.829154,19.408554,17.22,12.515666,17.6964,6.371531,18.4294,3.476656,19.0871,0.592533,21.0082,0.223093,22.0688,0.012007,25.2414
6.850492,19.428512,17.2189,12.522281,17.6958,6.369582,18.4297,3.472832,19.0883,0.590446,21.0121,0.222006,22.0741,0.011901,25.2511
6.87183,19.448348,17.2178,12.528814,17.6952,6.367598,18.4301,3.468998,19.0895,0.588366,21.0159,0.220924,22.0794,0.011795,25.2608
6.893168,19.468062,17.2167,12.535267,17.6947,6.365578,18.4304,3.465152,19.0907,0.586293,21.0197,0.219847,22.0847,0.01169,25.2705
6.914506,19.487655,17.2156,12.54164,17.6941,6.363525,18.4308,3.461295,19.0919,0.584227,21.0235,0.218777,22.09,0.011586,25.2801
6.935844,19.507127,17.2145,12.547934,17.6936,6.361436,18.4311,3.457427,19.0931,0.582168,21.0274,0.217712,22.0953,0.011484,25.2898
6.957182,19.526479,17.2134,12.554148,17.693,6.359314,18.4315,3.453549,19.0943,0.580116,21.0312,0.216652,22.1006,0.011382,25.2995
6.97852,19.545711,17.2124,12.560284,17.6925,6.357158,18.4318,3.44966,19.0956,0.578071,21.035,0.215598,22.1059,0.011281,25.3091
6.999857,19.564824,17.2113,12.566342,17.692,6.354969,18.4322,3.44576,19.0968,0.576033,21.0389,0.21455,22.1112,0.011181,25.3188
7.021195,19.583818,17.2103,12.572323,17.6915,6.352746,18.4326,3.441851,19.098,0.574001,21.0427,0.213507,22.1165,0.011083,25.3284
7.042533,19.602695,17.2092,12.578226,17.691,6.350491,18.433,3.437932,19.0993,0.571977,21.0466,0.212469,22.1218,0.010985,25.338
7.063871,19.621454,17.2082,12.584052,17.6904,6.348203,18.4334,3.434003,19.1005,0.56996,21.0504,0.211437,22.127,0.010888,25.3476
7.085209,19.640096,17.2071,12.589803,17.69,6.345883,18.4338,3.430064,19.1017,0.567949,21.0542,0.210411,22.1323,0.010792,25.3572
7.106547,19.658621,17.2061,12.595477,17.6895,6.343531,18.4342,3.426115,19.103,0.565945,21.0581,0.209389,22.1376,0.010697,25.3668
7.127885,19.677031,17.2051,12.601076,17.689,6.341147,18.4346,3.422158,19.1042,0.563949,21.0619,0.208374,22.1429,0.010603,25.3764
7.149223,19.695326,17.2041,12.6066,17.6885,6.338732,18.435,3.418191,19.1055,0.561959,21.0657,0.207363,22.1482,0.01051,25.386
7.170561,19.713505,17.2031,12.61205,17.688,6.336286,18.4354,3.414215,19.1068,0.559976,21.0696,0.206358,22.1534,0.010418,25.3956
7.191899,19.731571,17.2021,12.617426,17.6876,6.333809,18.4358,3.410231,19.108,0.557999,21.0734,0.205357,22.1587,0.010327,25.4051
7.213237,19.749522,17.2011,12.622727,17.6871,6.331301,18.4363,3.406237,19.1093,0.55603,21.0773,0.204363,22.164,0.010236,25.4147
7.234574,19.767361,17.2001,12.627956,17.6867,6.328763,18.4367,3.402236,19.1106,0.554067,21.0811,0.203373,22.1693,0.010147,25.4242
7.255912,19.785086,17.1992,12.633112,17.6862,6.326196,18.4371,3.398225,19.1119,0.552111,21.0849,0.202389,22.1745,0.010058,25.4337
7.27725,19.8027,17.1982,12.638196,17.6858,6.323598,18.4376,3.394207,19.1132,0.550162,21.0888,0.201409,22.1798,0.00997,25.4433
7.298588,19.820202,17.1972,12.643207,17.6854,6.320971,18.438,3.390181,19.1144,0.54822,21.0926,0.200435,22.1851,0.009883,25.4528
7.319926,19.837592,17.1963,12.648147,17.6849,6.318315,18.4385,3.386146,19.1157,0.546284,21.0965,0.199466,22.1903,0.009797,25.4623
7.341264,19.854872,17.1953,12.653016,17.6845,6.315629,18.439,3.382104,19.117,0.544356,21.1003,0.198502,22.1956,0.009712,25.4718
7.362602,19.872042,17.1944,12.657814,17.6841,6.312916,18.4394,3.378054,19.1183,0.542433,21.1041,0.197543,22.2008,0.009627,25.4812
7.38394,19.889102,17.1935,12.662542,17.6837,6.310173,18.4399,3.373997,19.1196,0.540518,21.108,0.196589,22.2061,0.009544,25.4907
7.405278,19.906053,17.1925,12.6672,17.6833,6.307403,18.4404,3.369933,19.1209,0.538609,21.1118,0.19564,22.2114,0.009461,25.5002
7.426616,19.922895,17.1916,12.671789,17.6829,6.304605,18.4409,3.365861,19.1223,0.536707,21.1157,0.194696,22.2166,0.009379,25.5096
7.447954,19.939629,17.1907,12.676308,17.6825,6.301779,18.4413,3.361782,19.1236,0.534812,21.1195,0.193757,22.2219,0.009297,25.5191
7.469291,19.956256,17.1898,12.680759,17.6821,6.298925,18.4418,3.357696,19.1249,0.532923,21.1233,0.192823,22.2271,0.009217,25.5285
7.490629,19.972775,17.1889,12.685141,17.6818,6.296045,18.4423,3.353604,19.1262,0.531041,21.1272,0.191894,22.2323,0.009137,25.538
7.511967,19.989187,17.188,12.689456,17.6814,6.293137,18.4428,3.349505,19.1275,0.529166,21.131,0.190969,22.2376,0.009058,25.5474
7.533305,20.005493,17.1871,12.693703,17.681,6.290203,18.4433,3.345399,19.1289,0.527297,21.1349,0.19005,22.2428,0.00898,25.5568
7.554643,20.021693,17.1862,12.697883,17.6807,6.287243,18.4438,3.341287,19.1302,0.525435,21.1387,0.189135,22.2481,0.008903,25.5662
7.575981,20.037788,17.1854,12.701996,17.6803,6.284256,18.4444,3.337169,19.1316,0.523579,21.1425,0.188225,22.2533,0.008826,25.5756
7.597319,20.053778,17.1845,12.706043,17.68,6.281243,18.4449,3.333045,19.1329,0.52173,21.1464,0.18732,22.2585,0.00875,25.585
7.618657,20.069664,17.1836,12.710024,17.6796,6.278205,18.4454,3.328914,19.1342,0.519888,21.1502,0.186419,22.2638,0.008675,25.5944
7.639995,20.085446,17.1828,12.713939,17.6793,6.275141,18.4459,3.324778,19.1356,0.518052,21.1541,0.185524,22.269,0.0086,25.6037
7.661333,20.101124,17.1819,12.717789,17.679,6.272052,18.4465,3.320636,19.1369,0.516222,21.1579,0.184633,22.2742,0.008526,25.6131
7.682671,20.1167,17.1811,12.721574,17.6786,6.268938,18.447,3.316489,19.1383,0.5144,21.1617,0.183746,22.2795,0.008453,25.6225
7.704008,20.132173,17.1803,12.725294,17.6783,6.265799,18.4476,3.312336,19.1397,0.512583,21.1656,0.182864,22.2847,0.008381,25.6318
7.725346,20.147544,17.1794,12.728951,17.678,6.262636,18.4481,3.308177,19.141,0.510773,21.1694,0.181987,22.2899,0.008309,25.6411
7.746684,20.162813,17.1786,12.732544,17.6777,6.259448,18.4487,3.304014,19.1424,0.50897,21.1733,0.181115,22.2951,0.008238,25.6505
7.768022,20.177981,17.1778,12.736073,17.6774,6.256237,18.4492,3.299845,19.1438,0.507173,21.1771,0.180247,22.3003,0.008167,25.6598
7.78936,20.193049,17.177,12.73954,17.6771,6.253001,18.4498,3.295671,19.1451,0.505382,21.181,0.179383,22.3055,0.008098,25.6691
7.810698,20.208016,17.1762,12.742943,17.6768,6.249742,18.4503,3.291493,19.1465,0.503598,21.1848,0.178524,22.3108,0.008029,25.6784
7.832036,20.222883,17.1754,12.746285,17.6765,6.246459,18.4509,3.28731,19.1479,0.50182,21.1886,0.17767,22.316,0.00796,25.6877
7.853374,20.237651,17.1746,12.749564,17.6763,6.243153,18.4515,3.283122,19.1493,0.500048,21.1925,0.17682,22.3212,0.007892,25.697
7.874712,20.25232,17.1738,12.752782,17.676,6.239824,18.4521,3.278929,19.1507,0.498283,21.1963,0.175974,22.3264,0.007825,25.7062
7.89605,20.266891,17.173,12.755939,17.6757,6.236473,18.4527,3.274732,19.1521,0.496524,21.2001,0.175133,22.3316,0.007759,25.7155
7.917388,20.281363,17.1723,12.759034,17.6755,6.233099,18.4532,3.270531,19.1535,0.494772,21.204,0.174296,22.3368,0.007693,25.7248
7.938726,20.295738,17.1715,12.76207,17.6752,6.229702,18.4538,3.266325,19.1549,0.493026,21.2078,0.173464,22.342,0.007628,25.734
7.960063,20.310016,17.1707,12.765045,17.6749,6.226283,18.4544,3.262116,19.1563,0.491286,21.2117,0.172636,22.3472,0.007563,25.7433
7.981401,20.324197,17.17,12.76796,17.6747,6.222843,18.455,3.257902,19.1577,0.489552,21.2155,0.171812,22.3524,0.007499,25.7525
8.002739,20.338282,17.1692,12.770815,17.6745,6.21938,18.4556,3.253685,19.1591,0.487825,21.2193,0.170993,22.3576,0.007436,25.7617
8.024077,20.35227,17.1685,12.773612,17.6742,6.215896,18.4562,3.249463,19.1605,0.486104,21.2232,0.170177,22.3627,0.007373,25.7709
8.045415,20.366164,17.1677,12.77635,17.674,6.212391,18.4569,3.245238,19.1619,0.484389,21.227,0.169366,22.3679,0.00731,25.7801
8.066753,20.379962,17.167,12.779029,17.6738,6.208865,18.4575,3.24101,19.1633,0.48268,21.2309,0.16856,22.3731,0.007249,25.7893
8.088091,20.393665,17.1663,12.78165,17.6735,6.205317,18.4581,3.236778,19.1647,0.480978,21.2347,0.167757,22.3783,0.007188,25.7985
8.109429,20.407275,17.1655,12.784213,17.6733,6.201749,18.4587,3.232543,19.1661,0.479282,21.2385,0.166959,22.3835,0.007127,25.8077
8.130767,20.42079,17.1648,12.786718,17.6731,6.198161,18.4593,3.228304,19.1676,0.477591,21.2424,0.166165,22.3887,0.007067,25.8169
8.152105,20.434212,17.1641,12.789167,17.6729,6.194552,18.46,3.224062,19.169,0.475907,21.2462,0.165375,22.3938,0.007008,25.8261
8.173443,20.447541,17.1634,12.791558,17.6727,6.190923,18.4606,3.219818,19.1704,0.47423,21.25,0.164589,22.399,0.006949,25.8352
8.19478,20.460778,17.1627,12.793893,17.6725,6.187274,18.4613,3.21557,19.1719,0.472558,21.2539,0.163807,22.4042,0.00689,25.8444
8.216118,20.473922,17.162,12.796172,17.6723,6.183605,18.4619,3.211319,19.1733,0.470892,21.2577,0.163029,22.4093,0.006833,25.8535
8.237456,20.486975,17.1613,12.798395,17.6721,6.179917,18.4625,3.207066,19.1747,0.469232,21.2615,0.162256,22.4145,0.006775,25.8627
8.258794,20.499936,17.1606,12.800562,17.6719,6.176209,18.4632,3.20281,19.1762,0.467579,21.2654,0.161486,22.4197,0.006719,25.8718
8.280132,20.512806,17.1599,12.802674,17.6717,6.172482,18.4639,3.198551,19.1776,0.465931,21.2692,0.16072,22.4248,0.006663,25.8809
8.30147,20.525586,17.1593,12.804731,17.6716,6.168736,18.4645,3.19429,19.1791,0.464289,21.273,0.159959,22.43,0.006607,25.89
8.322808,20.538275,17.1586,12.806734,17.6714,6.164971,18.4652,3.190026,19.1805,0.462654,21.2769,0.159201,22.4351,0.006552,25.8991
8.344146,20.550875,17.1579,12.808682,17.6712,6.161188,18.4658,3.18576,19.182,0.461024,21.2807,0.158447,22.4403,0.006497,25.9082
8.365484,20.563385,17.1573,12.810576,17.6711,6.157386,18.4665,3.181492,19.1834,0.459401,21.2845,0.157697,22.4454,0.006443,25.9173
8.386822,20.575806,17.1566,12.812416,17.6709,6.153565,18.4672,3.177222,19.1849,0.457783,21.2884,0.156951,22.4506,0.006389,25.9264
8.40816,20.588139,17.156,12.814203,17.6708,6.149727,18.4679,3.172949,19.1863,0.456171,21.2922,0.156209,22.4557,0.006336,25.9354
8.429497,20.600383,17.1553,12.815937,17.6706,6.145871,18.4685,3.168675,19.1878,0.454565,21.296,0.155471,22.4609,0.006283,25.9445
8.450835,20.612539,17.1547,12.817618,17.6705,6.141997,18.4692,3.164399,19.1893,0.452965,21.2998,0.154737,22.466,0.006231,25.9536
8.472173,20.624608,17.154,12.819246,17.6703,6.138105,18.4699,3.160121,19.1907,0.451371,21.3037,0.154006,22.4712,0.00618,25.9626
8.493511,20.63659,17.1534,12.820823,17.6702,6.134196,18.4706,3.155841,19.1922,0.449783,21.3075,0.153279,22.4763,0.006128,25.9717
8.514849,20.648485,17.1528,12.822347,17.6701,6.130269,18.4713,3.15156,19.1937,0.4482,21.3113,0.152556,22.4814,0.006078,25.9807
8.536187,20.660294,17.1522,12.82382,17.67,6.126326,18.472,3.147277,19.1952,0.446623,21.3151,0.151837,22.4866,0.006027,25.9897
8.557525,20.672017,17.1515,12.825241,17.6698,6.122366,18.4727,3.142993,19.1966,0.445052,21.319,0.151122,22.4917,0.005977,25.9987
8.578863,20.683654,17.1509,12.826611,17.6697,6.118388,18.4734,3.138707,19.1981,0.443487,21.3228,0.15041,22.4968,0.005928,26.0077
8.600201,20.695206,17.1503,12.827931,17.6696,6.114395,18.4741,3.13442,19.1996,0.441928,21.3266,0.149702,22.5019,0.005879,26.0167
8.621539,20.706673,17.1497,12.8292,17.6695,6.110385,18.4748,3.130131,19.2011,0.440374,21.3304,0.148997,22.5071,0.005831,26.0257
8.642877,20.718056,17.1491,12.830419,17.6694,6.106358,18.4755,3.125842,19.2026,0.438826,21.3343,0.148296,22.5122,0.005783,26.0347
8.664214,20.729354,17.1485,12.831588,17.6693,6.102316,18.4763,3.121551,19.2041,0.437284,21.3381,0.147599,22.5173,0.005735,26.0437
8.685552,20.740569,17.1479,12.832707,17.6692,6.098257,18.477,3.11726,19.2056,0.435748,21.3419,0.146905,22.5224,0.005688,26.0527
8.70689,20.7517,17.1474,12.833777,17.6691,6.094183,18.4777,3.112967,19.2071,0.434217,21.3457,0.146215,22.5275,0.005641,26.0616
8.728228,20.762748,17.1468,12.834798,17.669,6.090093,18.4784,3.108674,19.2086,0.432692,21.3496,0.145529,22.5326,0.005595,26.0706
8.749566,20.773714,17.1462,12.83577,17.6689,6.085988,18.4792,3.10438,19.2101,0.431172,21.3534,0.144846,22.5377,0.005549,26.0795
8.770904,20.784597,17.1456,12.836694,17.6689,6.081868,18.4799,3.100085,19.2116,0.429658,21.3572,0.144167,22.5428,0.005503,26.0885
8.792242,20.795398,17.1451,12.837569,17.6688,6.077732,18.4806,3.09579,19.2131,0.42815,21.361,0.143491,22.5479,0.005458,26.0974
8.81358,20.806117,17.1445,12.838396,17.6687,6.073581,18.4814,3.091494,19.2146,0.426647,21.3648,0.142818,22.553,0.005413,26.1063
8.834918,20.816755,17.144,12.839176,17.6687,6.069416,18.4821,3.087197,19.2161,0.425149,21.3686,0.14215,22.5581,0.005369,26.1152
8.856256,20.827313,17.1434,12.839908,17.6686,6.065235,18.4829,3.082901,19.2176,0.423658,21.3725,0.141484,22.5632,0.005325,26.1241
8.877594,20.837789,17.1429,12.840593,17.6685,6.061041,18.4836,3.078603,19.2191,0.422172,21.3763,0.140822,22.5683,0.005282,26.133
8.898931,20.848185,17.1423,12.841232,17.6685,6.056831,18.4844,3.074306,19.2206,0.420691,21.3801,0.140164,22.5734,0.005239,26.1419
8.920269,20.858502,17.1418,12.841823,17.6684,6.052608,18.4851,3.070008,19.2222,0.419216,21.3839,0.139508,22.5785,0.005196,26.1508
8.941607,20.868739,17.1413,12.842368,17.6684,6.04837,18.4859,3.06571,19.2237,0.417746,21.3877,0.138857,22.5836,0.005154,26.1597
8.962945,20.878896,17.1407,12.842867,17.6683,6.044119,18.4867,3.061412,19.2252,0.416281,21.3915,0.138208,22.5887,0.005112,26.1686
8.984283,20.888975,17.1402,12.843321,17.6683,6.039853,18.4874,3.057114,19.2267,0.414823,21.3953,0.137563,22.5937,0.00507,26.1774
9.005621,20.898975,17.1397,12.843728,17.6683,6.035574,18.4882,3.052816,19.2282,0.413369,21.3992,0.136921,22.5988,0.005029,26.1863
9.026959,20.908897,17.1392,12.84409,17.6682,6.031282,18.489,3.048519,19.2298,0.411921,21.403,0.136283,22.6039,0.004988,26.1951
9.048297,20.918741,17.1387,12.844408,17.6682,6.026976,18.4898,3.044221,19.2313,0.410478,21.4068,0.135647,22.609,0.004948,26.204
9.069635,20.928508,17.1382,12.84468,17.6682,6.022657,18.4905,3.039924,19.2328,0.409041,21.4106,0.135015,22.614,0.004908,26.2128
9.090973,20.938197,17.1377,12.844908,17.6682,6.018324,18.4913,3.035627,19.2344,0.407609,21.4144,0.134387,22.6191,0.004868,26.2216
9.112311,20.947809,17.1372,12.845091,17.6682,6.013979,18.4921,3.03133,19.2359,0.406182,21.4182,0.133761,22.6242,0.004829,26.2304
9.133648,20.957345,17.1367,12.845231,17.6681,6.009621,18.4929,3.027034,19.2375,0.404761,21.422,0.133139,22.6292,0.00479,26.2393
9.154986,20.966804,17.1362,12.845326,17.6681,6.00525,18.4937,3.022738,19.239,0.403344,21.4258,0.13252,22.6343,0.004751,26.2481
9.176324,20.976188,17.1357,12.845378,17.6681,6.000867,18.4945,3.018442,19.2405,0.401933,21.4296,0.131904,22.6394,0.004713,26.2569
9.197662,20.985496,17.1352,12.845387,17.6681,5.996471,18.4953,3.014148,19.2421,0.400528,21.4334,0.131291,22.6444,0.004675,26.2657
9.219,20.994729,17.1347,12.845352,17.6681,5.992063,18.4961,3.009854,19.2436,0.399127,21.4372,0.130682,22.6495,0.004637,26.2744
9.240338,21.003886,17.1343,12.845275,17.6681,5.987643,18.4969,3.005561,19.2452,0.397732,21.441,0.130075,22.6545,0.0046,26.2832
9.261676,21.012969,17.1338,12.845155,17.6682,5.98321,18.4977,3.001268,19.2467,0.396342,21.4448,0.129472,22.6596,0.004563,26.292
9.283014,21.021978,17.1333,12.844993,17.6682,5.978766,18.4985,2.996976,19.2483,0.394957,21.4486,0.128872,22.6646,0.004526,26.3007
9.304352,21.030913,17.1329,12.844788,17.6682,5.97431,18.4993,2.992686,19.2498,0.393577,21.4524,0.128275,22.6696,0.00449,26.3095
9.32569,21.039774,17.1324,12.844542,17.6682,5.969842,18.5001,2.988396,19.2514,0.392203,21.4562,0.127681,22.6747,0.004454,26.3182
9.347028,21.048561,17.1319,12.844254,17.6682,5.965363,18.5009,2.984107,19.253,0.390833,21.46,0.12709,22.6797,0.004418,26.327
9.368365,21.057276,17.1315,12.843925,17.6683,5.960873,18.5017,2.979819,19.2545,0.389469,21.4638,0.126501,22.6848,0.004382,26.3357
9.389703,21.065917,17.131,12.843554,17.6683,5.956371,18.5025,2.975532,19.2561,0.38811,21.4676,0.125916,22.6898,0.004347,26.3444
9.411041,21.074487,17.1306,12.843142,17.6683,5.951858,18.5034,2.971247,19.2577,0.386756,21.4714,0.125334,22.6948,0.004313,26.3532
9.432379,21.082984,17.1302,12.84269,17.6684,5.947334,18.5042,2.966963,19.2592,0.385406,21.4752,0.124755,22.6999,0.004278,26.3619
9.453717,21.091409,17.1297,12.842197,17.6684,5.942799,18.505,2.962679,19.2608,0.384062,21.479,0.124179,22.7049,0.004244,26.3706
9.475055,21.099762,17.1293,12.841664,17.6684,5.938253,18.5059,2.958398,19.2624,0.382723,21.4828,0.123606,22.7099,0.00421,26.3793
9.496393,21.108045,17.1289,12.841091,17.6685,5.933696,18.5067,2.954117,19.2639,0.381389,21.4866,0.123036,22.7149,0.004177,26.388
9.517731,21.116256,17.1285,12.840478,17.6685,5.929129,18.5075,2.949838,19.2655,0.38006,21.4904,0.122468,22.7199,0.004143,26.3966
9.539069,21.124397,17.128,12.839826,17.6686,5.924552,18.5084,2.945561,19.2671,0.378736,21.4942,0.121904,22.725,0.00411,26.4053
9.560407,21.132467,17.1276,12.839134,17.6687,5.919964,18.5092,2.941285,19.2687,0.377416,21.4979,0.121342,22.73,0.004078,26.414
9.581745,21.140467,17.1272,12.838403,17.6687,5.915366,18.51,2.93701,19.2702,0.376102,21.5017,0.120784,22.735,0.004045,26.4226
9.603082,21.148398,17.1268,12.837633,17.6688,5.910758,18.5109,2.932738,19.2718,0.374792,21.5055,0.120228,22.74,0.004013,26.4313
9.62442,21.156259,17.1264,12.836824,17.6689,5.90614,18.5117,2.928466,19.2734,0.373488,21.5093,0.119675,22.745,0.003981,26.4399
9.645758,21.164051,17.126,12.835977,17.6689,5.901513,18.5126,2.924197,19.275,0.372188,21.5131,0.119125,22.75,0.00395,26.4486
9.667096,21.171773,17.1256,12.835091,17.669,5.896875,18.5134,2.919929,19.2766,0.370893,21.5169,0.118577,22.755,0.003918,26.4572
9.688434,21.179428,17.1252,12.834167,17.6691,5.892228,18.5143,2.915663,19.2782,0.369603,21.5207,0.118033,22.76,0.003887,26.4658
9.709772,21.187014,17.1248,12.833206,17.6692,5.887571,18.5152,2.911399,19.2797,0.368318,21.5244,0.117491,22.765,0.003857,26.4745
9.73111,21.194531,17.1244,12.832207,17.6692,5.882905,18.516,2.907137,19.2813,0.367038,21.5282,0.116952,22.77,0.003826,26.4831
9.752448,21.201981,17.1241,12.83117,17.6693,5.87823,18.5169,2.902877,19.2829,0.365762,21.532,0.116415,22.775,0.003796,26.4917
9.773786,21.209364,17.1237,12.830097,17.6694,5.873545,18.5177,2.898619,19.2845,0.364491,21.5358,0.115882,22.78,0.003766,26.5003
9.795124,21.216679,17.1233,12.828986,17.6695,5.868851,18.5186,2.894362,19.2861,0.363225,21.5396,0.115351,22.7849,0.003736,26.5089
9.816462,21.223928,17.1229,12.827838,17.6696,5.864149,18.5195,2.890108,19.2877,0.361964,21.5433,0.114823,22.7899,0.003707,26.5175
9.8378,21.23111,17.1226,12.826654,17.6697,5.859437,18.5204,2.885856,19.2893,0.360707,21.5471,0.114297,22.7949,0.003678,26.526
9.859137,21.238225,17.1222,12.825434,17.6698,5.854717,18.5212,2.881606,19.2909,0.359455,21.5509,0.113774,22.7999,0.003649,26.5346
9.880475,21.245275,17.1218,12.824177,17.6699,5.849988,18.5221,2.877358,19.2925,0.358208,21.5547,0.113254,22.8049,0.00362,26.5432
9.901813,21.252258,17.1215,12.822884,17.67,5.845251,18.523,2.873113,19.2941,0.356965,21.5584,0.112736,22.8098,0.003592,26.5517
9.923151,21.259176,17.1211,12.821556,17.6701,5.840505,18.5239,2.868869,19.2957,0.355727,21.5622,0.112221,22.8148,0.003564,26.5603
9.944489,21.266029,17.1208,12.820192,17.6703,5.83575,18.5248,2.864628,19.2973,0.354494,21.566,0.111709,22.8198,0.003536,26.5688
9.965827,21.272817,17.1204,12.818792,17.6704,5.830988,18.5256,2.86039,19.2989,0.353265,21.5697,0.111199,22.8247,0.003508,26.5774
9.987165,21.27954,17.1201,12.817358,17.6705,5.826217,18.5265,2.856153,19.3005,0.352041,21.5735,0.110692,22.8297,0.00348,26.5859
10.008503,21.286198,17.1198,12.815888,17.6706,5.821439,18.5274,2.851919,19.3022,0.350821,21.5773,0.110187,22.8347,0.003453,26.5944
10.029841,21.292793,17.1194,12.814384,17.6708,5.816652,18.5283,2.847688,19.3038,0.349606,21.5811,0.109685,22.8396,0.003426,26.603
10.051179,21.299323,17.1191,12.812845,17.6709,5.811857,18.5292,2.843459,19.3054,0.348396,21.5848,0.109186,22.8446,0.003399,26.6115
10.072517,21.30579,17.1188,12.811272,17.671,5.807055,18.5301,2.839233,19.307,0.34719,21.5886,0.108689,22.8495,0.003373,26.62
10.093854,21.312193,17.1184,12.809664,17.6712,5.802245,18.531,2.835009,19.3086,0.345988,21.5923,0.108194,22.8545,0.003347,26.6285
10.115192,21.318534,17.1181,12.808023,17.6713,5.797428,18.5319,2.830788,19.3102,0.344791,21.5961,0.107702,22.8594,0.003321,26.637
10.13653,21.324811,17.1178,12.806347,17.6714,5.792603,18.5328,2.826569,19.3119,0.343599,21.5999,0.107212,22.8644,0.003295,26.6455
10.157868,21.331026,17.1175,12.804638,17.6716,5.787771,18.5337,2.822353,19.3135,0.342411,21.6036,0.106725,22.8693,0.003269,26.6539
10.179206,21.337178,17.1172,12.802896,17.6717,5.782931,18.5346,2.81814,19.3151,0.341227,21.6074,0.106241,22.8743,0.003244,26.6624
10.200544,21.343269,17.1168,12.80112,17.6719,5.778085,18.5355,2.81393,19.3167,0.340048,21.6111,0.105759,22.8792,0.003218,26.6709
10.221882,21.349297,17.1165,12.799312,17.672,5.773231,18.5365,2.809722,19.3183,0.338873,21.6149,0.105279,22.8841,0.003193,26.6793
10.24322,21.355264,17.1162,12.79747,17.6722,5.76837,18.5374,2.805518,19.32,0.337703,21.6187,0.104801,22.8891,0.003169,26.6878
10.264558,21.361169,17.1159,12.795596,17.6723,5.763502,18.5383,2.801316,19.3216,0.336537,21.6224,0.104326,22.894,0.003144,26.6962
10.285896,21.367014,17.1156,12.793689,17.6725,5.758628,18.5392,2.797117,19.3232,0.335375,21.6262,0.103854,22.8989,0.00312,26.7047
10.307234,21.372798,17.1153,12.79175,17.6727,5.753747,18.5401,2.79292,19.3249,0.334218,21.6299,0.103384,22.9039,0.003096,26.7131
10.328571,21.378521,17.1151,12.789779,17.6728,5.748859,18.541,2.788727,19.3265,0.333065,21.6337,0.102916,22.9088,0.003072,26.7215
10.349909,21.384184,17.1148,12.787776,17.673,5.743965,18.542,2.784537,19.3281,0.331916,21.6374,0.10245,22.9137,0.003048,26.73
10.371247,21.389786,17.1145,12.785741,17.6732,5.739064,18.5429,2.78035,19.3298,0.330772,21.6412,0.101987,22.9186,0.003024,26.7384
10.392585,21.395329,17.1142,12.783675,17.6734,5.734157,18.5438,2.776166,19.3314,0.329632,21.6449,0.101526,22.9236,0.003001,26.7468
10.413923,21.400813,17.1139,12.781577,17.6735,5.729243,18.5448,2.771985,19.333,0.328496,21.6487,0.101068,22.9285,0.002978,26.7552
10.435261,21.406236,17.1136,12.779448,17.6737,5.724324,18.5457,2.767807,19.3347,0.327364,21.6524,0.100612,22.9334,0.002955,26.7636
10.456599,21.411601,17.1134,12.777288,17.6739,5.719398,18.5466,2.763632,19.3363,0.326237,21.6562,0.100158,22.9383,0.002932,26.772
10.477937,21.416907,17.1131,12.775097,17.6741,5.714466,18.5476,2.75946,19.3379,0.325114,21.6599,0.099706,22.9432,0.00291,26.7804
10.499275,21.422155,17.1128,12.772875,17.6743,5.709529,18.5485,2.755292,19.3396,0.323995,21.6637,0.099257,22.9481,0.002887,26.7887
10.520613,21.427344,17.1126,12.770623,17.6745,5.704585,18.5494,2.751127,19.3412,0.32288,21.6674,0.09881,22.953,0.002865,26.7971
10.541951,21.432475,17.1123,12.76834,17.6747,5.699636,18.5504,2.746965,19.3429,0.32177,21.6711,0.098365,22.9579,0.002843,26.8055
10.563288,21.437548,17.1121,12.766028,17.6749,5.694681,18.5513,2.742806,19.3445,0.320663,21.6749,0.097922,22.9628,0.002821,26.8138
10.584626,21.442563,17.1118,12.763685,17.6751,5.689721,18.5523,2.738651,19.3462,0.319561,21.6786,0.097481,22.9677,0.0028,26.8222
10.605964,21.447521,17.1116,12.761312,17.6753,5.684755,18.5532,2.734499,19.3478,0.318463,21.6824,0.097043,22.9726,0.002778,26.8305
10.627302,21.452422,17.1113,12.75891,17.6755,5.679783,18.5542,2.73035,19.3495,0.317369,21.6861,0.096607,22.9775,0.002757,26.8389
10.64864,21.457266,17.1111,12.756478,17.6757,5.674806,18.5551,2.726205,19.3511,0.316279,21.6898,0.096173,22.9824,0.002736,26.8472
10.669978,21.462053,17.1108,12.754017,17.6759,5.669824,18.5561,2.722063,19.3528,0.315193,21.6936,0.095741,22.9873,0.002715,26.8555
10.691316,21.466784,17.1106,12.751527,17.6761,5.664837,18.557,2.717925,19.3544,0.314111,21.6973,0.095312,22.9921,0.002694,26.8638
10.712654,21.471458,17.1103,12.749007,17.6763,5.659844,18.558,2.71379,19.3561,0.313033,21.701,0.094884,22.997,0.002674,26.8722
10.733992,21.476077,17.1101,12.746459,17.6765,5.654847,18.5589,2.709658,19.3577,0.311959,21.7048,0.094459,23.0019,0.002653,26.8805
10.75533,21.480639,17.1099,12.743883,17.6767,5.649845,18.5599,2.70553,19.3594,0.310889,21.7085,0.094036,23.0068,0.002633,26.8888
10.776668,21.485146,17.1097,12.741277,17.677,5.644837,18.5609,2.701406,19.361,0.309824,21.7122,0.093615,23.0116,0.002613,26.8971
10.798005,21.489598,17.1094,12.738644,17.6772,5.639825,18.5618,2.697285,19.3627,0.308762,21.7159,0.093196,23.0165,0.002593,26.9054
10.819343,21.493995,17.1092,12.735982,17.6774,5.634808,18.5628,2.693168,19.3643,0.307704,21.7197,0.092779,23.0214,0.002574,26.9136
10.840681,21.498337,17.109,12.733292,17.6776,5.629787,18.5638,2.689055,19.366,0.30665,21.7234,0.092364,23.0262,0.002554,26.9219
10.862019,21.502624,17.1088,12.730574,17.6779,5.624761,18.5647,2.684945,19.3677,0.3056,21.7271,0.091951,23.0311,0.002535,26.9302
10.883357,21.506856,17.1086,12.727829,17.6781,5.61973,18.5657,2.680838,19.3693,0.304554,21.7308,0.09154,23.036,0.002515,26.9385
10.904695,21.511035,17.1083,12.725056,17.6784,5.614695,18.5667,2.676736,19.371,0.303512,21.7346,0.091132,23.0408,0.002496,26.9467
10.926033,21.515159,17.1081,12.722255,17.6786,5.609655,18.5677,2.672637,19.3727,0.302474,21.7383,0.090725,23.0457,0.002477,26.955
10.947371,21.51923,17.1079,12.719428,17.6788,5.604612,18.5686,2.668542,19.3743,0.301439,21.742,0.09032,23.0505,0.002459,26.9632
10.968709,21.523247,17.1077,12.716573,17.6791,5.599564,18.5696,2.664451,19.376,0.300409,21.7457,0.089918,23.0554,0.00244,26.9715
10.990047,21.527211,17.1075,12.713691,17.6793,5.594512,18.5706,2.660363,19.3776,0.299382,21.7494,0.089517,23.0602,0.002422,26.9797
11.011385,21.531122,17.1073,12.710783,17.6796,5.589455,18.5716,2.65628,19.3793,0.298359,21.7532,0.089118,23.0651,0.002403,26.9879
11.032722,21.53498,17.1071,12.707848,17.6798,5.584395,18.5726,2.6522,19.381,0.29734,21.7569,0.088721,23.0699,0.002385,26.9962
11.05406,21.538785,17.1069,12.704886,17.6801,5.579331,18.5735,2.648124,19.3827,0.296325,21.7606,0.088327,23.0748,0.002367,27.0044
11.075398,21.542538,17.1068,12.701899,17.6803,5.574263,18.5745,2.644051,19.3843,0.295313,21.7643,0.087934,23.0796,0.002349,27.0126
11.096736,21.546238,17.1066,12.698885,17.6806,5.569191,18.5755,2.639983,19.386,0.294306,21.768,0.087543,23.0844,0.002332,27.0208
11.118074,21.549886,17.1064,12.695845,17.6808,5.564116,18.5765,2.635919,19.3877,0.293302,21.7717,0.087154,23.0893,0.002314,27.029
11.139412,21.553483,17.1062,12.692779,17.6811,5.559036,18.5775,2.631858,19.3893,0.292302,21.7754,0.086767,23.0941,0.002297,27.0372
11.16075,21.557028,17.106,12.689687,17.6814,5.553953,18.5785,2.627802,19.391,0.291305,21.7791,0.086382,23.0989,0.00228,27.0454
11.182088,21.560522,17.1059,12.68657,17.6816,5.548867,18.5795,2.62375,19.3927,0.290313,21.7828,0.085999,23.1038,0.002262,27.0536
11.203426,21.563964,17.1057,12.683428,17.6819,5.543777,18.5805,2.619701,19.3944,0.289324,21.7865,0.085617,23.1086,0.002245,27.0617
11.224764,21.567355,17.1055,12.68026,17.6822,5.538684,18.5815,2.615657,19.396,0.288338,21.7902,0.085238,23.1134,0.002229,27.0699
11.246102,21.570696,17.1053,12.677067,17.6825,5.533587,18.5825,2.611616,19.3977,0.287356,21.7939,0.08486,23.1182,0.002212,27.0781
11.267439,21.573986,17.1052,12.673849,17.6827,5.528487,18.5835,2.60758,19.3994,0.286378,21.7976,0.084485,23.1231,0.002195,27.0862
11.288777,21.577226,17.105,12.670606,17.683,5.523384,18.5845,2.603547,19.4011,0.285404,21.8013,0.084111,23.1279,0.002179,27.0944
11.310115,21.580415,17.1049,12.667339,17.6833,5.518278,18.5855,2.599519,19.4028,0.284433,21.805,0.083739,23.1327,0.002163,27.1025
11.331453,21.583555,17.1047,12.664047,17.6836,5.513169,18.5865,2.595495,19.4044,0.283466,21.8087,0.083369,23.1375,0.002147,27.1107
11.352791,21.586644,17.1045,12.66073,17.6839,5.508057,18.5875,2.591475,19.4061,0.282503,21.8124,0.083,23.1423,0.00213,27.1188
11.374129,21.589685,17.1044,12.657389,17.6841,5.502941,18.5885,2.587459,19.4078,0.281543,21.8161,0.082634,23.1471,0.002115,27.1269
11.395467,21.592675,17.1042,12.654025,17.6844,5.497823,18.5895,2.583447,19.4095,0.280586,21.8198,0.082269,23.1519,0.002099,27.1351
11.416805,21.595617,17.1041,12.650636,17.6847,5.492702,18.5905,2.57944,19.4112,0.279634,21.8235,0.081906,23.1567,0.002083,27.1432
11.438143,21.59851,17.1039,12.647223,17.685,5.487578,18.5915,2.575436,19.4129,0.278684,21.8272,0.081545,23.1615,0.002068,27.1513
11.459481,21.601354,17.1038,12.643787,17.6853,5.482452,18.5926,2.571437,19.4146,0.277739,21.8309,0.081185,23.1663,0.002052,27.1594
11.480819,21.604149,17.1037,12.640327,17.6856,5.477323,18.5936,2.567442,19.4162,0.276796,21.8346,0.080827,23.1711,0.002037,27.1675
11.502156,21.606896,17.1035,12.636843,17.6859,5.472191,18.5946,2.563452,19.4179,0.275858,21.8383,0.080472,23.1759,0.002022,27.1756
11.523494,21.609595,17.1034,12.633337,17.6862,5.467057,18.5956,2.559465,19.4196,0.274922,21.842,0.080117,23.1807,0.002007,27.1837
11.544832,21.612246,17.1033,12.629807,17.6865,5.46192,18.5966,2.555483,19.4213,0.273991,21.8457,0.079765,23.1855,0.001992,27.1918
11.56617,21.614849,17.1031,12.626254,17.6868,5.456781,18.5977,2.551505,19.423,0.273062,21.8493,0.079414,23.1903,0.001977,27.1998
11.587508,21.617405,17.103,12.622678,17.6871,5.451639,18.5987,2.547532,19.4247,0.272138,21.853,0.079065,23.195,0.001963,27.2079
11.608846,21.619913,17.1029,12.619079,17.6874,5.446495,18.5997,2.543562,19.4264,0.271216,21.8567,0.078718,23.1998,0.001948,27.216
11.630184,21.622374,17.1027,12.615458,17.6877,5.441349,18.6007,2.539598,19.4281,0.270298,21.8604,0.078372,23.2046,0.001934,27.224
11.651522,21.624788,17.1026,12.611814,17.6881,5.436201,18.6018,2.535637,19.4298,0.269384,21.8641,0.078028,23.2094,0.001919,27.2321
11.67286,21.627155,17.1025,12.608148,17.6884,5.43105,18.6028,2.531681,19.4315,0.268472,21.8678,0.077686,23.2141,0.001905,27.2401
11.694198,21.629476,17.1024,12.60446,17.6887,5.425898,18.6038,2.527729,19.4332,0.267565,21.8714,0.077345,23.2189,0.001891,27.2482
11.715536,21.63175,17.1023,12.600749,17.689,5.420743,18.6049,2.523782,19.4349,0.26666,21.8751,0.077006,23.2237,0.001877,27.2562
11.736874,21.633978,17.1022,12.597017,17.6893,5.415587,18.6059,2.519838,19.4366,0.265759,21.8788,0.076669,23.2284,0.001863,27.2643
11.758211,21.63616,17.102,12.593262,17.6897,5.410428,18.6069,2.5159,19.4383,0.264861,21.8825,0.076334,23.2332,0.00185,27.2723
11.779549,21.638295,17.1019,12.589486,17.69,5.405268,18.608,2.511966,19.44,0.263967,21.8861,0.076,23.238,0.001836,27.2803
11.800887,21.640386,17.1018,12.585689,17.6903,5.400106,18.609,2.508036,19.4417,0.263076,21.8898,0.075667,23.2427,0.001822,27.2883
11.822225,21.64243,17.1017,12.58187,17.6906,5.394942,18.61,2.504111,19.4434,0.262188,21.8935,0.075336,23.2475,0.001809,27.2963
11.843563,21.64443,17.1016,12.578029,17.691,5.389777,18.6111,2.50019,19.4451,0.261304,21.8971,0.075007,23.2522,0.001796,27.3043
11.864901,21.646384,17.1015,12.574167,17.6913,5.384609,18.6121,2.496273,19.4468,0.260422,21.9008,0.07468,23.257,0.001783,27.3123
11.886239,21.648293,17.1014,12.570285,17.6916,5.379441,18.6132,2.492362,19.4485,0.259545,21.9045,0.074354,23.2617,0.00177,27.3203
11.907577,21.650158,17.1013,12.566381,17.692,5.37427,18.6142,2.488454,19.4502,0.25867,21.9081,0.074029,23.2665,0.001757,27.3283
11.928915,21.651978,17.1013,12.562456,17.6923,5.369098,18.6152,2.484551,19.4519,0.257798,21.9118,0.073707,23.2712,0.001744,27.3363
11.950253,21.653753,17.1012,12.558511,17.6927,5.363925,18.6163,2.480653,19.4536,0.25693,21.9155,0.073385,23.276,0.001731,27.3443
11.971591,21.655484,17.1011,12.554545,17.693,5.358751,18.6173,2.476759,19.4553,0.256065,21.9191,0.073066,23.2807,0.001718,27.3523
11.992928,21.657171,17.101,12.550558,17.6933,5.353575,18.6184,2.47287,19.457,0.255203,21.9228,0.072747,23.2855,0.001706,27.3602
12.014266,21.658815,17.1009,12.546551,17.6937,5.348397,18.6194,2.468985,19.4587,0.254345,21.9264,0.072431,23.2902,0.001693,27.3682
12.035604,21.660414,17.1008,12.542524,17.694,5.343219,18.6205,2.465105,19.4604,0.253489,21.9301,0.072116,23.2949,0.001681,27.3762
12.056942,21.66197,17.1008,12.538477,17.6944,5.338039,18.6215,2.46123,19.4621,0.252637,21.9338,0.071802,23.2997,0.001669,27.3841
12.07828,21.663483,17.1007,12.53441,17.6947,5.332858,18.6226,2.457359,19.4638,0.251788,21.9374,0.07149,23.3044,0.001656,27.3921
12.099618,21.664953,17.1006,12.530323,17.6951,5.327676,18.6237,2.453493,19.4655,0.250942,21.9411,0.07118,23.3091,0.001644,27.4
12.120956,21.666379,17.1005,12.526216,17.6955,5.322493,18.6247,2.449631,19.4672,0.250099,21.9447,0.070871,23.3138,0.001632,27.4079
12.142294,21.667763,17.1005,12.522089,17.6958,5.317309,18.6258,2.445774,19.469,0.24926,21.9484,0.070563,23.3186,0.001621,27.4159
12.163632,21.669104,17.1004,12.517943,17.6962,5.312124,18.6268,2.441922,19.4707,0.248423,21.952,0.070257,23.3233,0.001609,27.4238
12.18497,21.670402,17.1003,12.513778,17.6965,5.306938,18.6279,2.438074,19.4724,0.247589,21.9557,0.069952,23.328,0.001597,27.4317
12.206308,21.671659,17.1003,12.509593,17.6969,5.301751,18.629,2.434231,19.4741,0.246759,21.9593,0.069649,23.3327,0.001585,27.4396
12.227645,21.672873,17.1002,12.505389,17.6973,5.296564,18.63,2.430392,19.4758,0.245932,21.963,0.069348,23.3374,0.001574,27.4475
12.248983,21.674045,17.1002,12.501166,17.6976,5.291376,18.6311,2.426558,19.4775,0.245107,21.9666,0.069047,23.3421,0.001563,27.4554
12.270321,21.675175,17.1001,12.496924,17.698,5.286186,18.6321,2.422729,19.4792,0.244286,21.9703,0.068749,23.3468,0.001551,27.4633
12.291659,21.676264,17.1,12.492663,17.6984,5.280997,18.6332,2.418905,19.481,0.243468,21.9739,0.068451,23.3515,0.00154,27.4712
12.312997,21.677311,17.1,12.488383,17.6987,5.275806,18.6343,2.415085,19.4827,0.242652,21.9775,0.068155,23.3562,0.001529,27.4791
12.334335,21.678317,17.0999,12.484085,17.6991,5.270615,18.6353,2.41127,19.4844,0.24184,21.9812,0.067861,23.3609,0.001518,27.487
12.355673,21.679282,17.0999,12.479768,17.6995,5.265424,18.6364,2.40746,19.4861,0.241031,21.9848,0.067568,23.3656,0.001507,27.4949
12.377011,21.680205,17.0998,12.475433,17.6999,5.260232,18.6375,2.403654,19.4878,0.240225,21.9885,0.067276,23.3703,0.001496,27.5027
12.398349,21.681088,17.0998,12.47108,17.7002,5.255039,18.6386,2.399854,19.4895,0.239421,21.9921,0.066986,23.375,0.001485,27.5106
12.419687,21.681931,17.0998,12.466708,17.7006,5.249846,18.6396,2.396058,19.4913,0.238621,21.9957,0.066697,23.3797,0.001474,27.5185
12.441025,21.682733,17.0997,12.462318,17.701,5.244653,18.6407,2.392266,19.493,0.237824,21.9994,0.06641,23.3844,0.001464,27.5263
12.462362,21.683494,17.0997,12.45791,17.7014,5.23946,18.6418,2.38848,19.4947,0.237029,22.003,0.066124,23.3891,0.001453,27.5342
12.4837,21.684216,17.0996,12.453485,17.7018,5.234266,18.6429,2.384698,19.4964,0.236238,22.0066,0.065839,23.3938,0.001443,27.542
12.505038,21.684897,17.0996,12.449042,17.7022,5.229072,18.6439,2.380921,19.4981,0.235449,22.0103,0.065556,23.3985,0.001432,27.5499
12.526376,21.685538,17.0996,12.444581,17.7025,5.223877,18.645,2.377149,19.4999,0.234664,22.0139,0.065274,23.4032,0.001422,27.5577
12.547714,21.68614,17.0995,12.440102,17.7029,5.218683,18.6461,2.373381,19.5016,0.233881,22.0175,0.064993,23.4078,0.001412,27.5655
12.569052,21.686703,17.0995,12.435606,17.7033,5.213488,18.6472,2.369619,19.5033,0.233101,22.0211,0.064714,23.4125,0.001402,27.5733
12.59039,21.687226,17.0995,12.431093,17.7037,5.208293,18.6483,2.365861,19.505,0.232324,22.0248,0.064436,23.4172,0.001392,27.5812
12.611728,21.68771,17.0995,12.426562,17.7041,5.203099,18.6493,2.362108,19.5068,0.23155,22.0284,0.064159,23.4219,0.001382,27.589
12.633066,21.688154,17.0994,12.422015,17.7045,5.197904,18.6504,2.35836,19.5085,0.230778,22.032,0.063884,23.4265,0.001372,27.5968
12.654404,21.68856,17.0994,12.41745,17.7049,5.192709,18.6515,2.354616,19.5102,0.23001,22.0356,0.06361,23.4312,0.001362,27.6046
12.675742,21.688928,17.0994,12.412868,17.7053,5.187514,18.6526,2.350878,19.5119,0.229244,22.0393,0.063337,23.4359,0.001352,27.6124
12.697079,21.689256,17.0994,12.40827,17.7057,5.18232,18.6537,2.347144,19.5137,0.228481,22.0429,0.063065,23.4405,0.001343,27.6202
12.718417,21.689546,17.0994,12.403655,17.7061,5.177126,18.6548,2.343415,19.5154,0.227721,22.0465,0.062795,23.4452,0.001333,27.628
12.739755,21.689798,17.0994,12.399023,17.7065,5.171931,18.6559,2.339691,19.5171,0.226964,22.0501,0.062526,23.4498,0.001323,27.6358
12.761093,21.690012,17.0994,12.394375,17.7069,5.166737,18.657,2.335972,19.5188,0.226209,22.0537,0.062259,23.4545,0.001314,27.6435
12.782431,21.690188,17.0993,12.389711,17.7073,5.161544,18.6581,2.332258,19.5206,0.225458,22.0573,0.061993,23.4592,0.001305,27.6513
12.803769,21.690326,17.0993,12.38503,17.7078,5.15635,18.6591,2.328548,19.5223,0.224709,22.0609,0.061728,23.4638,0.001295,27.6591
12.825107,21.690427,17.0993,12.380333,17.7082,5.151157,18.6602,2.324844,19.524,0.223963,22.0646,0.061464,23.4685,0.001286,27.6669
12.846445,21.69049,17.0993,12.375619,17.7086,5.145965,18.6613,2.321144,19.5257,0.223219,22.0682,0.061201,23.4731,0.001277,27.6746
12.867783,21.690515,17.0993,12.37089,17.709,5.140772,18.6624,2.317449,19.5275,0.222478,22.0718,0.06094,23.4777,0.001268,27.6824
12.889121,21.690504,17.0993,12.366145,17.7094,5.135581,18.6635,2.313759,19.5292,0.22174,22.0754,0.06068,23.4824,0.001259,27.6901
12.910459,21.690455,17.0993,12.361384,17.7098,5.130389,18.6646,2.310074,19.5309,0.221005,22.079,0.060421,23.487,0.00125,27.6979
12.931796,21.69037,17.0993,12.356607,17.7103,5.125199,18.6657,2.306394,19.5327,0.220272,22.0826,0.060164,23.4917,0.001241,27.7056
12.953134,21.690247,17.0993,12.351815,17.7107,5.120008,18.6668,2.302719,19.5344,0.219542,22.0862,0.059907,23.4963,0.001232,27.7133
12.974472,21.690088,17.0993,12.347007,17.7111,5.114819,18.6679,2.299048,19.5361,0.218815,22.0898,0.059652,23.5009,0.001223,27.7211
12.99581,21.689893,17.0994,12.342184,17.7115,5.10963,18.669,2.295383,19.5379,0.21809,22.0934,0.059398,23.5056,0.001215,27.7288
13.017148,21.689661,17.0994,12.337346,17.7119,5.104441,18.6701,2.291722,19.5396,0.217369,22.097,0.059146,23.5102,0.001206,27.7365
13.038486,21.689394,17.0994,12.332492,17.7124,5.099254,18.6712,2.288067,19.5413,0.216649,22.1006,0.058894,23.5148,0.001198,27.7442
13.059824,21.68909,17.0994,12.327623,17.7128,5.094067,18.6723,2.284416,19.5431,0.215932,22.1042,0.058644,23.5194,0.001189,27.7519
13.081162,21.68875,17.0994,12.322739,17.7132,5.088881,18.6734,2.28077,19.5448,0.215218,22.1078,0.058395,23.5241,0.001181,27.7596
13.1025,21.688375,17.0994,12.31784,17.7137,5.083695,18.6746,2.277129,19.5465,0.214507,22.1114,0.058147,23.5287,0.001172,27.7673
13.123838,21.687964,17.0995,12.312926,17.7141,5.078511,18.6757,2.273493,19.5483,0.213798,22.115,0.0579,23.5333,0.001164,27.775
13.145176,21.687517,17.0995,12.307998,17.7145,5.073327,18.6768,2.269862,19.55,0.213092,22.1186,0.057654,23.5379,0.001156,27.7827
13.166513,21.687036,17.0995,12.303054,17.715,5.068145,18.6779,2.266236,19.5517,0.212388,22.1222,0.05741,23.5425,0.001148,27.7904
13.187851,21.686519,17.0995,12.298097,17.7154,5.062963,18.679,2.262615,19.5535,0.211687,22.1258,0.057166,23.5472,0.00114,27.7981
13.209189,21.685967,17.0996,12.293124,17.7158,5.057782,18.6801,2.258999,19.5552,0.210988,22.1294,0.056924,23.5518,0.001132,27.8058
13.230527,21.68538,17.0996,12.288138,17.7163,5.052602,18.6812,2.255388,19.5569,0.210292,22.1329,0.056683,23.5564,0.001124,27.8134
13.251865,21.684759,17.0996,12.283137,17.7167,5.047423,18.6823,2.251782,19.5587,0.209599,22.1365,0.056443,23.561,0.001116,27.8211
13.273203,21.684103,17.0996,12.278121,17.7172,5.042246,18.6834,2.24818,19.5604,0.208908,22.1401,0.056204,23.5656,0.001108,27.8288
13.294541,21.683412,17.0997,12.273092,17.7176,5.037069,18.6846,2.244584,19.5622,0.20822,22.1437,0.055967,23.5702,0.0011,27.8364
13.315879,21.682687,17.0997,12.268048,17.7181,5.031894,18.6857,2.240993,19.5639,0.207534,22.1473,0.05573,23.5748,0.001092,27.8441
13.337217,21.681928,17.0998,12.262991,17.7185,5.026719,18.6868,2.237406,19.5656,0.20685,22.1509,0.055495,23.5794,0.001085,27.8517
13.358555,21.681135,17.0998,12.25792,17.719,5.021546,18.6879,2.233825,19.5674,0.206169,22.1544,0.05526,23.584,0.001077,27.8593
13.379893,21.680308,17.0998,12.252835,17.7194,5.016374,18.689,2.230249,19.5691,0.205491,22.158,0.055027,23.5886,0.00107,27.867
13.40123,21.679447,17.0999,12.247736,17.7199,5.011203,18.6901,2.226677,19.5709,0.204815,22.1616,0.054795,23.5931,0.001062,27.8746
13.422568,21.678553,17.0999,12.242624,17.7203,5.006034,18.6913,2.223111,19.5726,0.204141,22.1652,0.054564,23.5977,0.001055,27.8822
13.443906,21.677625,17.1,12.237498,17.7208,5.000866,18.6924,2.219549,19.5743,0.20347,22.1687,0.054334,23.6023,0.001047,27.8899
13.465244,21.676664,17.1,12.232359,17.7212,4.995699,18.6935,2.215992,19.5761,0.202802,22.1723,0.054105,23.6069,0.00104,27.8975
13.486582,21.675669,17.1001,12.227206,17.7217,4.990534,18.6946,2.212441,19.5778,0.202135,22.1759,0.053877,23.6115,0.001033,27.9051
13.50792,21.674642,17.1001,12.22204,17.7221,4.98537,18.6958,2.208894,19.5796,0.201472,22.1795,0.05365,23.6161,0.001025,27.9127
13.529258,21.673581,17.1002,12.216861,17.7226,4.980207,18.6969,2.205353,19.5813,0.20081,22.183,0.053425,23.6206,0.001018,27.9203
13.550596,21.672488,17.1002,12.211669,17.7231,4.975046,18.698,2.201816,19.583,0.200151,22.1866,0.0532,23.6252,0.001011,27.9279
13.571934,21.671362,17.1003,12.206464,17.7235,4.969886,18.6991,2.198284,19.5848,0.199495,22.1902,0.052977,23.6298,0.001004,27.9355
13.593272,21.670203,17.1003,12.201245,17.724,4.964728,18.7003,2.194758,19.5865,0.198841,22.1937,0.052754,23.6344,0.000997,27.9431
13.61461,21.669012,17.1004,12.196014,17.7245,4.959572,18.7014,2.191236,19.5883,0.198189,22.1973,0.052533,23.6389,0.00099,27.9507
13.635948,21.667788,17.1005,12.190771,17.7249,4.954417,18.7025,2.187719,19.59,0.197539,22.2009,0.052312,23.6435,0.000983,27.9583
13.657285,21.666533,17.1005,12.185514,17.7254,4.949263,18.7036,2.184208,19.5918,0.196892,22.2044,0.052093,23.6481,0.000976,27.9658
13.678623,21.665245,17.1006,12.180245,17.7259,4.944111,18.7048,2.180701,19.5935,0.196248,22.208,0.051874,23.6526,0.00097,27.9734
13.699961,21.663926,17.1007,12.174964,17.7263,4.938961,18.7059,2.177199,19.5953,0.195605,22.2115,0.051657,23.6572,0.000963,27.981
13.721299,21.662574,17.1007,12.16967,17.7268,4.933813,18.707,2.173703,19.597,0.194965,22.2151,0.05144,23.6617,0.000956,27.9885
13.742637,21.661191,17.1008,12.164363,17.7273,4.928666,18.7082,2.170211,19.5987,0.194327,22.2187,0.051225,23.6663,0.00095,27.9961
13.763975,21.659777,17.1009,12.159045,17.7278,4.923521,18.7093,2.166724,19.6005,0.193692,22.2222,0.051011,23.6708,0.000943,28.0036
13.785313,21.658331,17.1009,12.153714,17.7282,4.918377,18.7104,2.163243,19.6022,0.193059,22.2258,0.050797,23.6754,0.000937,28.0112
13.806651,21.656854,17.101,12.148371,17.7287,4.913236,18.7116,2.159766,19.604,0.192428,22.2293,0.050585,23.6799,0.00093,28.0187
13.827989,21.655345,17.1011,12.143016,17.7292,4.908096,18.7127,2.156294,19.6057,0.191799,22.2329,0.050373,23.6845,0.000924,28.0263
13.849327,21.653806,17.1012,12.137649,17.7297,4.902958,18.7139,2.152828,19.6075,0.191173,22.2364,0.050163,23.689,0.000917,28.0338
13.870665,21.652236,17.1012,12.13227,17.7301,4.897822,18.715,2.149366,19.6092,0.190549,22.24,0.049954,23.6936,0.000911,28.0413
13.892002,21.650635,17.1013,12.12688,17.7306,4.892688,18.7161,2.145909,19.611,0.189927,22.2435,0.049745,23.6981,0.000905,28.0489
13.91334,21.649003,17.1014,12.121477,17.7311,4.887556,18.7173,2.142458,19.6127,0.189308,22.2471,0.049538,23.7027,0.000898,28.0564
13.934678,21.647341,17.1015,12.116064,17.7316,4.882425,18.7184,2.139011,19.6145,0.188691,22.2506,0.049331,23.7072,0.000892,28.0639
13.956016,21.645648,17.1016,12.110638,17.7321,4.877297,18.7196,2.135569,19.6162,0.188076,22.2542,0.049125,23.7117,0.000886,28.0714
13.977354,21.643925,17.1017,12.105201,17.7326,4.87217,18.7207,2.132133,19.618,0.187463,22.2577,0.048921,23.7163,0.00088,28.0789
13.998692,21.642172,17.1017,12.099752,17.7331,4.867046,18.7218,2.128701,19.6197,0.186852,22.2613,0.048717,23.7208,0.000874,28.0864
14.02003,21.640389,17.1018,12.094293,17.7335,4.861924,18.723,2.125275,19.6215,0.186244,22.2648,0.048514,23.7253,0.000868,28.0939
14.041368,21.638576,17.1019,12.088822,17.734,4.856803,18.7241,2.121853,19.6232,0.185638,22.2683,0.048312,23.7299,0.000862,28.1014
14.062706,21.636733,17.102,12.083339,17.7345,4.851685,18.7253,2.118436,19.625,0.185034,22.2719,0.048112,23.7344,0.000856,28.1089
14.084044,21.63486,17.1021,12.077846,17.735,4.846569,18.7264,2.115025,19.6267,0.184432,22.2754,0.047912,23.7389,0.00085,28.1164
14.105382,21.632958,17.1022,12.072341,17.7355,4.841455,18.7276,2.111618,19.6285,0.183832,22.2789,0.047713,23.7434,0.000844,28.1239
14.126719,21.631026,17.1023,12.066826,17.736,4.836343,18.7287,2.108216,19.6302,0.183235,22.2825,0.047514,23.7479,0.000838,28.1313
14.148057,21.629066,17.1024,12.0613,17.7365,4.831233,18.7299,2.10482,19.632,0.182639,22.286,0.047317,23.7525,0.000833,28.1388
14.169395,21.627075,17.1025,12.055763,17.737,4.826126,18.731,2.101428,19.6337,0.182046,22.2895,0.047121,23.757,0.000827,28.1463
14.190733,21.625056,17.1026,12.050215,17.7375,4.82102,18.7322,2.098041,19.6355,0.181455,22.2931,0.046926,23.7615,0.000821,28.1537
14.212071,21.623008,17.1027,12.044656,17.738,4.815917,18.7333,2.09466,19.6372,0.180866,22.2966,0.046731,23.766,0.000816,28.1612
14.233409,21.620931,17.1028,12.039087,17.7385,4.810817,18.7345,2.091283,19.639,0.180279,22.3001,0.046537,23.7705,0.00081,28.1686
14.254747,21.618825,17.1029,12.033507,17.739,4.805718,18.7356,2.087912,19.6407,0.179694,22.3037,0.046345,23.775,0.000805,28.1761
14.276085,21.616691,17.103,12.027917,17.7395,4.800622,18.7368,2.084545,19.6425,0.179112,22.3072,0.046153,23.7795,0.000799,28.1835
14.297423,21.614528,17.1031,12.022316,17.74,4.795528,18.7379,2.081183,19.6442,0.178531,22.3107,0.045962,23.784,0.000794,28.191
14.318761,21.612337,17.1032,12.016705,17.7405,4.790436,18.7391,2.077827,19.646,0.177953,22.3142,0.045772,23.7885,0.000788,28.1984
14.340099,21.610117,17.1034,12.011084,17.741,4.785347,18.7402,2.074475,19.6477,0.177377,22.3178,0.045583,23.793,0.000783,28.2058
14.361436,21.607869,17.1035,12.005453,17.7416,4.78026,18.7414,2.071128,19.6495,0.176802,22.3213,0.045394,23.7975,0.000777,28.2133
14.382774,21.605594,17.1036,11.999811,17.7421,4.775176,18.7425,2.067787,19.6512,0.17623,22.3248,0.045207,23.802,0.000772,28.2207
14.404112,21.60329,17.1037,11.99416,17.7426,4.770094,18.7437,2.06445,19.653,0.17566,22.3283,0.04502,23.8065,0.000767,28.2281
14.42545,21.600958,17.1038,11.988498,17.7431,4.765014,18.7448,2.061118,19.6547,0.175092,22.3318,0.044835,23.811,0.000762,28.2355
14.446788,21.598599,17.1039,11.982827,17.7436,4.759937,18.746,2.057792,19.6565,0.174526,22.3354,0.04465,23.8155,0.000757,28.2429
14.468126,21.596212,17.1041,11.977146,17.7441,4.754863,18.7472,2.05447,19.6583,0.173962,22.3389,0.044466,23.8199,0.000751,28.2503
14.489464,21.593798,17.1042,11.971455,17.7446,4.749791,18.7483,2.051153,19.66,0.1734,22.3424,0.044282,23.8244,0.000746,28.2577
14.510802,21.591356,17.1043,11.965754,17.7451,4.744721,18.7495,2.047842,19.6618,0.17284,22.3459,0.0441,23.8289,0.000741,28.2651
14.53214,21.588887,17.1044,11.960044,17.7457,4.739654,18.7506,2.044535,19.6635,0.172282,22.3494,0.043919,23.8334,0.000736,28.2725
14.553478,21.586391,17.1045,11.954324,17.7462,4.73459,18.7518,2.041233,19.6653,0.171726,22.3529,0.043738,23.8379,0.000731,28.2799
14.574816,21.583868,17.1047,11.948594,17.7467,4.729528,18.753,2.037936,19.667,0.171172,22.3564,0.043558,23.8423,0.000726,28.2873
14.596153,21.581318,17.1048,11.942856,17.7472,4.724468,18.7541,2.034645,19.6688,0.17062,22.3599,0.043379,23.8468,0.000721,28.2947
14.617491,21.578741,17.1049,11.937107,17.7478,4.719412,18.7553,2.031358,19.6705,0.17007,22.3634,0.043201,23.8513,0.000716,28.3021
14.638829,21.576137,17.1051,11.93135,17.7483,4.714358,18.7564,2.028076,19.6723,0.169521,22.3669,0.043023,23.8557,0.000712,28.3094
14.660167,21.573507,17.1052,11.925583,17.7488,4.709307,18.7576,2.024799,19.674,0.168975,22.3704,0.042847,23.8602,0.000707,28.3168
14.681505,21.57085,17.1053,11.919807,17.7493,4.704258,18.7588,2.021527,19.6758,0.168431,22.3739,0.042671,23.8647,0.000702,28.3241
14.702843,21.568167,17.1055,11.914022,17.7499,4.699212,18.7599,2.01826,19.6776,0.167889,22.3774,0.042496,23.8691,0.000697,28.3315
14.724181,21.565458,17.1056,11.908228,17.7504,4.694169,18.7611,2.014998,19.6793,0.167349,22.3809,0.042322,23.8736,0.000693,28.3389
14.745519,21.562722,17.1057,11.902425,17.7509,4.689128,18.7623,2.011741,19.6811,0.16681,22.3844,0.042148,23.8781,0.000688,28.3462
14.766857,21.55996,17.1059,11.896613,17.7514,4.684091,18.7634,2.008489,19.6828,0.166274,22.3879,0.041975,23.8825,0.000683,28.3536
14.788195,21.557173,17.106,11.890792,17.752,4.679056,18.7646,2.005242,19.6846,0.165739,22.3914,0.041804,23.887,0.000679,28.3609
14.809533,21.554359,17.1062,11.884962,17.7525,4.674024,18.7658,2.002,19.6863,0.165207,22.3949,0.041633,23.8914,0.000674,28.3682
14.83087,21.55152,17.1063,11.879124,17.753,4.668994,18.7669,1.998763,19.6881,0.164676,22.3984,0.041462,23.8959,0.00067,28.3756
14.852208,21.548655,17.1064,11.873277,17.7536,4.663968,18.7681,1.99553,19.6899,0.164147,22.4019,0.041293,23.9003,0.000665,28.3829
14.873546,21.545764,17.1066,11.867421,17.7541,4.658944,18.7693,1.992303,19.6916,0.16362,22.4054,0.041124,23.9048,0.000661,28.3902
14.894884,21.542848,17.1067,11.861557,17.7546,4.653923,18.7705,1.989081,19.6934,0.163095,22.4089,0.040956,23.9092,0.000656,28.3975
14.916222,21.539907,17.1069,11.855684,17.7552,4.648905,18.7716,1.985863,19.6951,0.162572,22.4124,0.040789,23.9136,0.000652,28.4048
14.93756,21.536941,17.107,11.849803,17.7557,4.64389,18.7728,1.982651,19.6969,0.162051,22.4159,0.040622,23.9181,0.000647,28.4122
14.958898,21.533949,17.1072,11.843914,17.7563,4.638878,18.774,1.979443,19.6986,0.161531,22.4194,0.040457,23.9225,0.000643,28.4195
14.980236,21.530932,17.1073,11.838016,17.7568,4.633869,18.7751,1.976241,19.7004,0.161013,22.4228,0.040292,23.927,0.000639,28.4268
15.001574,21.527891,17.1075,11.83211,17.7573,4.628863,18.7763,1.973043,19.7022,0.160498,22.4263,0.040127,23.9314,0.000634,28.4341
15.022912,21.524824,17.1077,11.826196,17.7579,4.623859,18.7775,1.969851,19.7039,0.159984,22.4298,0.039964,23.9358,0.00063,28.4414
15.04425,21.521733,17.1078,11.820273,17.7584,4.618859,18.7787,1.966663,19.7057,0.159472,22.4333,0.039801,23.9403,0.000626,28.4487
15.065587,21.518617,17.108,11.814343,17.759,4.613862,18.7798,1.96348,19.7074,0.158961,22.4368,0.039639,23.9447,0.000622,28.4559
15.086925,21.515477,17.1081,11.808405,17.7595,4.608867,18.781,1.960302,19.7092,0.158453,22.4403,0.039478,23.9491,0.000618,28.4632
15.108263,21.512312,17.1083,11.802458,17.7601,4.603876,18.7822,1.957129,19.711,0.157946,22.4437,0.039317,23.9535,0.000613,28.4705
15.129601,21.509123,17.1084,11.796504,17.7606,4.598888,18.7834,1.953961,19.7127,0.157441,22.4472,0.039158,23.958,0.000609,28.4778
15.150939,21.50591,17.1086,11.790542,17.7612,4.593903,18.7845,1.950798,19.7145,0.156938,22.4507,0.038998,23.9624,0.000605,28.485
15.172277,21.502672,17.1088,11.784572,17.7617,4.58892,18.7857,1.947639,19.7162,0.156437,22.4542,0.03884,23.9668,0.000601,28.4923
15.193615,21.49941,17.1089,11.778595,17.7623,4.583941,18.7869,1.944486,19.718,0.155937,22.4576,0.038682,23.9712,0.000597,28.4996
15.214953,21.496125,17.1091,11.77261,17.7628,4.578965,18.7881,1.941338,19.7197,0.15544,22.4611,0.038525,23.9756,0.000593,28.5068
15.236291,21.492816,17.1093,11.766617,17.7634,4.573992,18.7893,1.938194,19.7215,0.154944,22.4646,0.038369,23.98,0.000589,28.5141
15.257629,21.489483,17.1094,11.760617,17.7639,4.569023,18.7904,1.935055,19.7233,0.154449,22.468,0.038214,23.9845,0.000585,28.5213
15.278967,21.486126,17.1096,11.754609,17.7645,4.564056,18.7916,1.931922,19.725,0.153957,22.4715,0.038059,23.9889,0.000582,28.5286
15.300304,21.482746,17.1098,11.748594,17.765,4.559093,18.7928,1.928793,19.7268,0.153466,22.475,0.037905,23.9933,0.000578,28.5358
15.321642,21.479342,17.1099,11.742571,17.7656,4.554132,18.794,1.925669,19.7285,0.152977,22.4784,0.037751,23.9977,0.000574,28.5431
15.34298,21.475915,17.1101,11.736542,17.7661,4.549175,18.7952,1.92255,19.7303,0.15249,22.4819,0.037598,24.0021,0.00057,28.5503
15.364318,21.472465,17.1103,11.730505,17.7667,4.544221,18.7964,1.919435,19.7321,0.152004,22.4854,0.037446,24.0065,0.000566,28.5575
15.385656,21.468991,17.1105,11.72446,17.7673,4.539271,18.7975,1.916326,19.7338,0.15152,22.4888,0.037295,24.0109,0.000562,28.5647
15.406994,21.465495,17.1106,11.718409,17.7678,4.534323,18.7987,1.913221,19.7356,0.151038,22.4923,0.037144,24.0153,0.000559,28.572
15.428332,21.461975,17.1108,11.71235,17.7684,4.529379,18.7999,1.910122,19.7373,0.150558,22.4957,0.036994,24.0197,0.000555,28.5792
15.44967,21.458433,17.111,11.706285,17.769,4.524438,18.8011,1.907027,19.7391,0.150079,22.4992,0.036845,24.0241,0.000551,28.5864
15.471008,21.454867,17.1112,11.700212,17.7695,4.5195,18.8023,1.903937,19.7409,0.149602,22.5027,0.036696,24.0285,0.000548,28.5936
15.492346,21.45128,17.1114,11.694133,17.7701,4.514566,18.8035,1.900852,19.7426,0.149127,22.5061,0.036548,24.0328,0.000544,28.6008
15.513684,21.447669,17.1115,11.688047,17.7706,4.509635,18.8046,1.897772,19.7444,0.148653,22.5096,0.036401,24.0372,0.000541,28.608
15.535022,21.444036,17.1117,11.681954,17.7712,4.504707,18.8058,1.894697,19.7462,0.148181,22.513,0.036254,24.0416,0.000537,28.6152
15.556359,21.440381,17.1119,11.675854,17.7718,4.499783,18.807,1.891626,19.7479,0.147711,22.5165,0.036108,24.046,0.000533,28.6224
15.577697,21.436703,17.1121,11.669747,17.7723,4.494862,18.8082,1.888561,19.7497,0.147242,22.5199,0.035962,24.0504,0.00053,28.6296
15.599035,21.433003,17.1123,11.663634,17.7729,4.489944,18.8094,1.8855,19.7514,0.146775,22.5234,0.035818,24.0548,0.000526,28.6368
15.620373,21.429281,17.1125,11.657514,17.7735,4.485029,18.8106,1.882444,19.7532,0.14631,22.5268,0.035674,24.0591,0.000523,28.6439
15.641711,21.425536,17.1127,11.651388,17.7741,4.480118,18.8118,1.879393,19.755,0.145846,22.5303,0.03553,24.0635,0.000519,28.6511
15.663049,21.42177,17.1129,11.645255,17.7746,4.475211,18.813,1.876347,19.7567,0.145384,22.5337,0.035387,24.0679,0.000516,28.6583
15.684387,21.417982,17.1131,11.639115,17.7752,4.470306,18.8142,1.873305,19.7585,0.144923,22.5372,0.035245,24.0723,0.000513,28.6655
15.705725,21.414172,17.1132,11.63297,17.7758,4.465405,18.8153,1.870268,19.7602,0.144465,22.5406,0.035104,24.0766,0.000509,28.6726
15.727063,21.410341,17.1134,11.626818,17.7763,4.460508,18.8165,1.867237,19.762,0.144007,22.544,0.034963,24.081,0.000506,28.6798
15.748401,21.406488,17.1136,11.620659,17.7769,4.455614,18.8177,1.86421,19.7638,0.143552,22.5475,0.034822,24.0854,0.000503,28.687
15.769739,21.402613,17.1138,11.614495,17.7775,4.450723,18.8189,1.861187,19.7655,0.143098,22.5509,0.034683,24.0897,0.000499,28.6941
15.791076,21.398717,17.114,11.608324,17.7781,4.445836,18.8201,1.85817,19.7673,0.142645,22.5544,0.034544,24.0941,0.000496,28.7013
15.812414,21.3948,17.1142,11.602147,17.7787,4.440952,18.8213,1.855157,19.769,0.142194,22.5578,0.034405,24.0984,0.000493,28.7084
15.833752,21.390861,17.1144,11.595964,17.7792,4.436072,18.8225,1.85215,19.7708,0.141745,22.5612,0.034267,24.1028,0.00049,28.7155
15.85509,21.386901,17.1146,11.589775,17.7798,4.431196,18.8237,1.849147,19.7726,0.141298,22.5647,0.03413,24.1072,0.000486,28.7227
15.876428,21.38292,17.1148,11.58358,17.7804,4.426322,18.8249,1.846148,19.7743,0.140851,22.5681,0.033993,24.1115,0.000483,28.7298
15.897766,21.378918,17.115,11.577379,17.781,4.421453,18.8261,1.843155,19.7761,0.140407,22.5715,0.033857,24.1159,0.00048,28.7369
15.919104,21.374896,17.1152,11.571172,17.7816,4.416586,18.8273,1.840166,19.7779,0.139964,22.575,0.033722,24.1202,0.000477,28.7441
15.940442,21.370852,17.1154,11.564959,17.7821,4.411724,18.8285,1.837182,19.7796,0.139522,22.5784,0.033587,24.1246,0.000474,28.7512
15.96178,21.366788,17.1157,11.55874,17.7827,4.406865,18.8297,1.834203,19.7814,0.139083,22.5818,0.033453,24.1289,0.000471,28.7583
15.983118,21.362703,17.1159,11.552516,17.7833,4.402009,18.8309,1.831229,19.7831,0.138644,22.5852,0.033319,24.1333,0.000468,28.7654
16.004456,21.358597,17.1161,11.546286,17.7839,4.397157,18.8321,1.828259,19.7849,0.138207,22.5887,0.033186,24.1376,0.000464,28.7725
16.025793,21.354471,17.1163,11.54005,17.7845,4.392309,18.8333,1.825294,19.7867,0.137772,22.5921,0.033054,24.1419,0.000461,28.7796
16.047131,21.350325,17.1165,11.533809,17.7851,4.387464,18.8345,1.822334,19.7884,0.137338,22.5955,0.032922,24.1463,0.000458,28.7867
16.068469,21.346158,17.1167,11.527562,17.7857,4.382623,18.8357,1.819379,19.7902,0.136906,22.5989,0.032791,24.1506,0.000455,28.7938
16.089807,21.341971,17.1169,11.52131,17.7862,4.377785,18.8369,1.816429,19.792,0.136475,22.6024,0.03266,24.155,0.000453,28.8009
16.111145,21.337764,17.1171,11.515052,17.7868,4.372951,18.8381,1.813483,19.7937,0.136046,22.6058,0.03253,24.1593,0.00045,28.808
16.132483,21.333537,17.1173,11.508789,17.7874,4.368121,18.8393,1.810542,19.7955,0.135618,22.6092,0.032401,24.1636,0.000447,28.8151
16.153821,21.32929,17.1176,11.50252,17.788,4.363294,18.8405,1.807605,19.7972,0.135192,22.6126,0.032272,24.1679,0.000444,28.8222
16.175159,21.325023,17.1178,11.496246,17.7886,4.358471,18.8417,1.804674,19.799,0.134767,22.616,0.032143,24.1723,0.000441,28.8293
16.196497,21.320736,17.118,11.489967,17.7892,4.353651,18.8429,1.801747,19.8008,0.134344,22.6195,0.032015,24.1766,0.000438,28.8364
16.217835,21.31643,17.1182,11.483683,17.7898,4.348836,18.8441,1.798824,19.8025,0.133922,22.6229,0.031888,24.1809,0.000435,28.8434
16.239173,21.312103,17.1184,11.477393,17.7904,4.344024,18.8453,1.795907,19.8043,0.133502,22.6263,0.031761,24.1853,0.000432,28.8505
16.26051,21.307758,17.1187,11.471098,17.791,4.339215,18.8465,1.792994,19.8061,0.133083,22.6297,0.031635,24.1896,0.00043,28.8576
16.281848,21.303393,17.1189,11.464799,17.7916,4.33441,18.8477,1.790086,19.8078,0.132666,22.6331,0.03151,24.1939,0.000427,28.8646
16.303186,21.299008,17.1191,11.458494,17.7922,4.329609,18.8489,1.787183,19.8096,0.13225,22.6365,0.031385,24.1982,0.000424,28.8717
16.324524,21.294604,17.1193,11.452184,17.7928,4.324812,18.8501,1.784284,19.8113,0.131835,22.6399,0.03126,24.2025,0.000421,28.8787
16.345862,21.290181,17.1196,11.445869,17.7934,4.320019,18.8513,1.78139,19.8131,0.131422,22.6433,0.031136,24.2068,0.000418,28.8858
16.3672,21.285739,17.1198,11.439549,17.794,4.315229,18.8525,1.778501,19.8149,0.131011,22.6467,0.031013,24.2111,0.000416,28.8928
