candid_str,oid,candid,mjd,fid,diffmaglim,magpsf,magap,sigmapsf,sigmagap,ra,dec,sigmara,sigmadec,isdiffpos,distpsnr1,sgscore1,field,rcid,magnr,sigmagnr,rb,magpsf_corr,magap_corr,sigmapsf_corr,sigmagap_corr,has_stamps,parent_candid
"1124511514715015006","ZTF20aakyoez",1124511514715015000,58878.5115161999,1,20.279899597168,20.7780990600586,20.4193000793457,0.423106998205185,0.30469998717308,200.8705804,62.4462698,0.09,0.09,1,3.25765800476074,0.5,821,47,19.7220001220703,0.0949999988079071,0.351428985595703,20.7780990600586,20.4193000793457,0.423106998205185,0.30469998717308,false,1125370563515015000
"1124512414715015005","ZTF20aakyoez",1124512414715015000,58878.5124189998,1,20.2833995819092,20.6756000518799,20.7525005340576,0.394300997257233,0.414400011301041,200.8707163,62.4462435,0.09,0.09,1,3.25765800476074,0.5,821,47,19.7220001220703,0.0949999988079071,0.494286000728607,20.6756000518799,20.7525005340576,0.394300997257233,0.414400011301041,false,1125370563515015000
"1125370563515015015","ZTF20aakyoez",1125370563515015000,58879.3705671001,2,19.7764720916748,19.8558158874512,19.7297992706299,0.204930990934372,0.221799999475479,200.8708844,62.446115,0.09,0.09,1,3.25765800476074,0.5,820,35,19.4340000152588,0.0890000015497208,0.322857141494751,19.8558158874512,19.7297992706299,0.204930990934372,0.221799999475479,true,-1
"1125474653515015017","ZTF20aakyoez",1125474653515015000,58879.4746527998,1,19.9939994812012,20.1606006622314,20.0386009216309,0.30111101269722,0.228200003504753,200.8702895,62.4462556,0.09,0.09,1,2.96469283103943,0.5,820,35,21.503999710083,0.130999997258186,0.157142996788025,20.1606006622314,20.0386009216309,0.30111101269722,0.228200003504753,false,1126469443515015000
"1125492884715015006","ZTF20aakyoez",1125492884715015000,58879.4928819002,1,20.4603996276855,20.3153991699219,20.1725997924805,0.274933010339737,0.242599993944168,200.8711151,62.4461363,0.09,0.09,1,2.96469283103943,0.5,821,47,19.7220001220703,0.0949999988079071,0.602856993675232,20.3153991699219,20.1725997924805,0.274933010339737,0.242599993944168,false,1126469443515015000
"1126469443515015022","ZTF20aakyoez",1126469443515015000,58880.4694444002,1,20.6153450012207,19.894079208374,19.7264995574951,0.154119685292244,0.158899992704391,200.8708415,62.4461947,0.09,0.09,1,2.96469283103943,0.5,820,35,21.503999710083,0.130999997258186,0.674285709857941,19.894079208374,19.7264995574951,0.154119685292244,0.158899992704391,true,-1
"1126491724715015016","ZTF20aakyoez",1126491724715015000,58880.4917245,1,20.7139854431152,19.7413997650146,19.7341003417969,0.126419439911842,0.153200000524521,200.8711024,62.4461985,0.09,0.09,1,3.02647089958191,0.5,821,47,19.7220001220703,0.0949999988079071,0.842857122421265,19.7413997650146,19.7341003417969,0.126419439911842,0.153200000524521,true,-1
"1126511063515015024","ZTF20aakyoez",1126511063515015000,58880.5110648,2,20.487232208252,19.9647846221924,19.9598007202148,0.164575070142746,0.243599995970726,200.8708461,62.4462228,0.09,0.09,1,2.86489129066467,0.5,820,35,19.4340000152588,0.0890000015497208,0.867142856121063,19.9647846221924,19.9598007202148,0.164575070142746,0.243599995970726,true,-1
"1126531344715015006","ZTF20aakyoez",1126531344715015000,58880.5313426,2,20.4383125305176,19.7156009674072,19.4731006622314,0.135039046406746,0.153799995779991,200.8709667,62.4462391,0.09,0.09,1,2.8357081413269,0.5,821,47,19.4060001373291,0.109999999403954,0.490000009536743,19.7156009674072,19.4731006622314,0.135039046406746,0.153799995779991,true,-1
"1127343853515015018","ZTF20aakyoez",1127343853515015000,58881.3438542001,2,20.1829833984375,19.5708274841309,19.660400390625,0.129239708185196,0.229100003838539,200.8709183,62.4462069,0.09,0.09,1,2.93695473670959,0.5,820,35,19.4340000152588,0.0890000015497208,0.931428551673889,19.5708274841309,19.660400390625,0.129239708185196,0.229100003838539,true,-1
"1127471123515015026","ZTF20aakyoez",1127471123515015000,58881.4711226998,1,20.6926212310791,19.6243705749512,19.4442005157471,0.168344721198082,0.120099999010563,200.8708958,62.4461889,0.09,0.09,1,2.99594402313232,0.5,820,35,21.503999710083,0.130999997258186,0.602857172489166,19.6243705749512,19.4442005157471,0.168344721198082,0.120099999010563,true,-1
"1127472013515015029","ZTF20aakyoez",1127472013515015000,58881.4720139001,1,20.7562465667725,19.6254634857178,19.4335994720459,0.138689637184143,0.116499997675419,200.8707993,62.4461932,0.09,0.09,1,2.96375894546509,0.5,820,35,21.503999710083,0.130999997258186,0.502857148647308,19.6254634857178,19.4335994720459,0.138689637184143,0.116499997675419,true,-1
"1127511044715015010","ZTF20aakyoez",1127511044715015000,58881.5110416999,1,20.7708187103271,19.3705158233643,19.3351001739502,0.128188714385033,0.105999998748302,200.8709862,62.4461836,0.09,0.09,1,3.03809332847595,0.5,821,47,19.7220001220703,0.0949999988079071,0.904285728931427,19.3705158233643,19.3351001739502,0.128188714385033,0.105999998748302,true,-1
"1127511954715015012","ZTF20aakyoez",1127511954715015000,58881.5119559998,1,20.7770957946777,19.4106426239014,19.3637008666992,0.122973263263702,0.108499996364117,200.8708933,62.4462059,0.09,0.09,1,2.93472766876221,0.5,821,47,19.7220001220703,0.0949999988079071,0.937142848968506,19.4106426239014,19.3637008666992,0.122973263263702,0.108499996364117,true,-1
"1127532543515015023","ZTF20aakyoez",1127532543515015000,58881.5325463,2,20.5152893066406,19.4418392181396,19.363000869751,0.101700015366077,0.142499998211861,200.8709302,62.4462021,0.09,0.09,1,2.9569947719574,0.5,820,35,19.4340000152588,0.0890000015497208,0.931428551673889,19.4418392181396,19.363000869751,0.101700015366077,0.142499998211861,true,-1
"1127560064715015007","ZTF20aakyoez",1127560064715015000,58881.5600693999,2,20.5751209259033,19.4343738555908,19.489200592041,0.116765215992928,0.153200000524521,200.8710134,62.4462133,0.09,0.09,1,2.94166493415833,0.5,821,47,19.4060001373291,0.109999999403954,0.944285690784454,19.4343738555908,19.489200592041,0.116765215992928,0.153200000524521,true,-1
"1127561444715015009","ZTF20aakyoez",1127561444715015000,58881.5614467999,2,20.5288982391357,19.4393558502197,19.4750003814697,0.145500391721725,0.153099998831749,200.8709614,62.4461779,0.09,0.09,1,3.0512330532074,0.5,821,47,19.4060001373291,0.109999999403954,0.857142865657806,19.4393558502197,19.4750003814697,0.145500391721725,0.153099998831749,true,-1
"1129467453515015022","ZTF20aakyoez",1129467453515015000,58883.4674537,1,20.2728881835938,18.9231815338135,18.9016990661621,0.107775397598743,0.0812000036239624,200.8708132,62.4461899,0.09,0.09,1,2.97748994827271,0.5,820,35,21.503999710083,0.130999997258186,0.620000004768372,18.9231815338135,18.9016990661621,0.107775397598743,0.0812000036239624,true,-1
"1129492484715015008","ZTF20aakyoez",1129492484715015000,58883.4924884001,1,20.2862815856934,18.8131313323975,18.7702007293701,0.106551699340343,0.0694999992847443,200.8709991,62.4461859,0.09,0.09,1,3.03386521339417,0.5,821,47,19.7220001220703,0.0949999988079071,0.615714311599731,18.8131313323975,18.7702007293701,0.106551699340343,0.0694999992847443,true,-1
"1129526784715015012","ZTF20aakyoez",1129526784715015000,58883.5267824,2,20.038703918457,18.7804679870605,18.779899597168,0.094574548304081,0.090999998152256,200.8709943,62.4461944,0.09,0.09,1,3.0023136138916,0.5,821,47,19.4060001373291,0.109999999403954,0.62714284658432,18.7804679870605,18.779899597168,0.094574548304081,0.090999998152256,true,-1
"1129527703515015016","ZTF20aakyoez",1129527703515015000,58883.5277082999,2,19.90673828125,18.7637577056885,18.8229007720947,0.151217728853226,0.100699998438358,200.870922,62.4462033,0.09,0.09,1,2.950679063797,0.5,820,35,19.4340000152588,0.0890000015497208,0.685714304447174,18.7637577056885,18.8229007720947,0.151217728853226,0.100699998438358,true,-1
"1130451594715015009","ZTF20aakyoez",1130451594715015000,58884.4515971998,1,19.9729595184326,18.5078086853027,18.5536994934082,0.0849192440509796,0.0822999998927116,200.8710399,62.4462322,0.09,0.09,1,2.88437151908875,0.5,821,47,19.7220001220703,0.0949999988079071,0.90285712480545,18.5078086853027,18.5536994934082,0.0849192440509796,0.0822999998927116,true,-1
"1130452494715015012","ZTF20aakyoez",1130452494715015000,58884.4525000001,1,20.0096569061279,18.5707302093506,18.6242008209229,0.0896551087498665,0.0876000002026558,200.8709796,62.4461775,0.09,0.09,1,3.05777406692505,0.5,821,47,19.7220001220703,0.0949999988079071,0.910000026226044,18.5707302093506,18.6242008209229,0.0896551087498665,0.0876000002026558,true,-1
"1130454383515015015","ZTF20aakyoez",1130454383515015000,58884.4543865998,1,19.9550895690918,18.6626014709473,18.5596008300781,0.0890283361077309,0.0864000022411346,200.8709173,62.4462106,0.09,0.09,1,2.92353439331055,0.5,820,35,21.503999710083,0.130999997258186,0.807142853736877,18.6626014709473,18.5596008300781,0.0890283361077309,0.0864000022411346,true,-1
"1130455283515015012","ZTF20aakyoez",1130455283515015000,58884.4552894002,1,19.9228897094727,18.6156482696533,18.5426998138428,0.118195690214634,0.0838000029325485,200.8708725,62.4461543,0.09,0.09,1,3.11484169960022,0.5,820,35,21.503999710083,0.130999997258186,0.791428565979004,18.6156482696533,18.5426998138428,0.118195690214634,0.0838000029325485,true,-1
"1130505093515015012","ZTF20aakyoez",1130505093515015000,58884.5050925999,2,19.8616600036621,18.5412425994873,18.5858993530273,0.0848633050918579,0.0832000002264977,200.8708794,62.446208,0.09,0.09,1,2.92425894737244,0.5,820,35,19.4340000152588,0.0890000015497208,0.660000026226044,18.5412425994873,18.5858993530273,0.0848633050918579,0.0832000002264977,true,-1
"1130506053515015013","ZTF20aakyoez",1130506053515015000,58884.5060532,2,19.6848487854004,18.4605236053467,18.4029998779297,0.0990240350365639,0.0711999982595444,200.8708529,62.4462339,0.09,0.09,1,2.82642889022827,0.5,820,35,19.4340000152588,0.0890000015497208,0.490000009536743,18.4605236053467,18.4029998779297,0.0990240350365639,0.0711999982595444,true,-1
"1130548754715015005","ZTF20aakyoez",1130548754715015000,58884.5487500001,2,20.167106628418,18.6129779815674,18.5312995910645,0.0808100700378418,0.0750000029802322,200.8709421,62.446163,0.09,0.09,1,3.09913229942322,0.5,821,47,19.4060001373291,0.109999999403954,0.939999997615814,18.6129779815674,18.5312995910645,0.0808100700378418,0.0750000029802322,true,-1
"1130552024715015005","ZTF20aakyoez",1130552024715015000,58884.5520255002,2,20.1834182739258,18.5586948394775,18.5337009429932,0.0933059006929398,0.0732999965548515,200.8710237,62.4461904,0.09,0.09,1,3.02586984634399,0.5,821,47,19.4060001373291,0.109999999403954,0.944285690784454,18.5586948394775,18.5337009429932,0.0933059006929398,0.0732999965548515,true,-1
"1131453204715015005","ZTF20aakyoez",1131453204715015000,58885.4532059999,1,19.8288078308105,18.3718643188477,18.3866996765137,0.0922821462154388,0.0908999964594841,200.871022,62.4462003,0.09,0.09,1,2.99038624763489,0.5,821,47,19.7220001220703,0.0949999988079071,0.891428589820862,18.3718643188477,18.3866996765137,0.0922821462154388,0.0908999964594841,true,-1
"1131475593515015013","ZTF20aakyoez",1131475593515015000,58885.4755902998,1,19.6433162689209,18.4100551605225,18.4624996185303,0.0844567716121674,0.100400000810623,200.8710129,62.4461819,0.09,0.09,1,3.05235004425049,0.5,820,35,21.503999710083,0.130999997258186,0.884285688400269,18.4100551605225,18.4624996185303,0.0844567716121674,0.100400000810623,true,-1
"1131533943515015024","ZTF20aakyoez",1131533943515015000,58885.5339468,2,20.3653869628906,18.3119583129883,18.2556991577148,0.0732284411787987,0.0579999983310699,200.870917,62.4461988,0.09,0.09,1,2.96549224853516,0.5,820,35,19.4340000152588,0.0890000015497208,0.955714285373688,18.3119583129883,18.2556991577148,0.0732284411787987,0.0579999983310699,true,-1
"1131534874715015013","ZTF20aakyoez",1131534874715015000,58885.5348727,2,20.298095703125,18.2955989837646,18.233699798584,0.0827554613351822,0.0560000017285347,200.8710009,62.4461879,0.09,0.09,1,3.02735090255737,0.5,821,47,19.4060001373291,0.109999999403954,0.942857146263123,18.2955989837646,18.233699798584,0.0827554613351822,0.0560000017285347,true,-1
"1132467813515015007","ZTF20aakyoez",1132467813515015000,58886.4678125,1,19.7634620666504,18.2354793548584,18.2208003997803,0.0917337164282799,0.094700001180172,200.870972,62.4461946,0.09,0.09,1,2.99495196342468,0.5,820,35,21.503999710083,0.130999997258186,0.90285712480545,18.2354793548584,18.2208003997803,0.0917337164282799,0.094700001180172,true,-1
"1132469654715015011","ZTF20aakyoez",1132469654715015000,58886.4696527999,1,19.870475769043,18.2327365875244,18.19700050354,0.0716070532798767,0.0859000012278557,200.8709671,62.4462178,0.09,0.09,1,2.91128778457642,0.5,821,47,19.7220001220703,0.0949999988079071,0.948571443557739,18.2327365875244,18.19700050354,0.0716070532798767,0.0859000012278557,true,-1
"1132530263515015010","ZTF20aakyoez",1132530263515015000,58886.5302662002,2,20.0599269866943,18.1808395385742,18.1264991760254,0.0789568349719048,0.0750999972224236,200.8710008,62.4462252,0.09,0.09,1,2.89552187919617,0.5,820,35,19.4340000152588,0.0890000015497208,0.939999997615814,18.1808395385742,18.1264991760254,0.0789568349719048,0.0750999972224236,true,-1
"1132550104715015007","ZTF20aakyoez",1132550104715015000,58886.5501041999,2,20.1522827148438,18.1338405609131,18.1026992797852,0.05818135663867,0.0636999979615211,200.8709886,62.4462062,0.09,0.09,1,2.95881104469299,0.5,821,47,19.4060001373291,0.109999999403954,0.928571403026581,18.1338405609131,18.1026992797852,0.05818135663867,0.0636999979615211,true,-1
"1133263693515015001","ZTF20aakyoez",1133263693515015000,58887.2636921001,1,18.9047298431396,18.0867519378662,17.948600769043,0.12730760872364,0.144299998879433,200.8710091,62.4462013,0.09,0.09,1,2.98260498046875,0.5,820,35,21.503999710083,0.130999997258186,0.818571448326111,18.0867519378662,17.948600769043,0.12730760872364,0.144299998879433,true,-1
"1133264593515015003","ZTF20aakyoez",1133264593515015000,58887.2645949,1,19.0646152496338,18.1186695098877,17.9811992645264,0.107003048062325,0.141100004315376,200.8709607,62.4461849,0.09,0.09,1,3.02618527412415,0.5,820,35,21.503999710083,0.130999997258186,0.837142884731293,18.1186695098877,17.9811992645264,0.107003048062325,0.141100004315376,true,-1
"1133434224715015004","ZTF20aakyoez",1133434224715015000,58887.4342244999,1,19.6360130310059,18.0745468139648,18.2555999755859,0.077587254345417,0.118299998342991,200.8710132,62.44621,0.09,0.09,1,2.95324039459229,0.5,821,47,19.7220001220703,0.0949999988079071,0.910000026226044,18.0745468139648,18.2555999755859,0.077587254345417,0.118299998342991,true,-1
"1133491573515015008","ZTF20aakyoez",1133491573515015000,58887.4915741002,2,19.8281326293945,17.9974021911621,18.0403995513916,0.0599080063402653,0.0888999998569489,200.8709762,62.4462286,0.09,0.09,1,2.87574982643127,0.5,820,35,19.4340000152588,0.0890000015497208,0.948571443557739,17.9974021911621,18.0403995513916,0.0599080063402653,0.0888999998569489,true,-1
"1133492473515015010","ZTF20aakyoez",1133492473515015000,58887.4924769001,2,19.8100051879883,18.0147533416748,17.941499710083,0.0598574690520763,0.0803999975323677,200.8709781,62.4462137,0.09,0.09,1,2.92907214164734,0.5,820,35,19.4340000152588,0.0890000015497208,0.948571443557739,18.0147533416748,17.941499710083,0.0598574690520763,0.0803999975323677,true,-1
"1133509324715015006","ZTF20aakyoez",1133509324715015000,58887.5093287001,2,19.7861633300781,18.0137329101562,17.9400997161865,0.0664002969861031,0.0767000019550323,200.8710308,62.4462158,0.09,0.09,1,2.93878960609436,0.5,821,47,19.4060001373291,0.109999999403954,0.952857136726379,18.0137329101562,17.9400997161865,0.0664002969861031,0.0767000019550323,true,-1
"1133510234715015005","ZTF20aakyoez",1133510234715015000,58887.5102315,2,19.8535079956055,17.9760265350342,17.9475002288818,0.057484395802021,0.0756999999284744,200.8710095,62.4462129,0.09,0.09,1,2.94178605079651,0.5,821,47,19.4060001373291,0.109999999403954,0.958571434020996,17.9760265350342,17.9475002288818,0.057484395802021,0.0756999999284744,true,-1
"1134467283515015006","ZTF20aakyoez",1134467283515015000,58888.4672801001,2,19.27077293396,17.9346542358398,18.0396995544434,0.0593154653906822,0.113899998366833,200.8709442,62.4462224,0.09,0.09,1,2.88850498199463,0.5,820,35,19.4340000152588,0.0890000015497208,0.887142837047577,17.9346542358398,18.0396995544434,0.0593154653906822,0.113899998366833,true,-1
"1134468654715015001","ZTF20aakyoez",1134468654715015000,58888.4686574,2,19.3933353424072,17.895263671875,17.8785991668701,0.0749529004096985,0.092799998819828,200.8710231,62.4462145,0.09,0.09,1,2.94070625305176,0.5,821,47,19.4060001373291,0.109999999403954,0.917142868041992,17.895263671875,17.8785991668701,0.0749529004096985,0.092799998819828,true,-1
"1134536034715015005","ZTF20aakyoez",1134536034715015000,58888.5360301002,1,18.6738891601562,17.9844055175781,17.8181991577148,0.13952673971653,0.104500003159046,200.8708416,62.4462176,0.09,0.09,1,2.88270926475525,0.5,821,47,19.7220001220703,0.0949999988079071,0.255714297294617,17.9844055175781,17.8181991577148,0.13952673971653,0.104500003159046,true,-1
"1136447463515015011","ZTF20aakyoez",1136447463515015000,58890.4474653001,2,19.2642974853516,17.7661571502686,17.8497009277344,0.0817931368947029,0.0756999999284744,200.8710148,62.4462018,0.09,0.09,1,2.98270225524902,0.5,820,35,19.4340000152588,0.0890000015497208,0.832857131958008,17.7661571502686,17.8497009277344,0.0817931368947029,0.0756999999284744,true,-1
"1136449743515015008","ZTF20aakyoez",1136449743515015000,58890.4497453999,2,19.1898193359375,17.7210140228271,17.7021007537842,0.0704921931028366,0.0663999989628792,200.8710515,62.4461673,0.09,0.09,1,3.11673736572266,0.5,820,35,19.4340000152588,0.0890000015497208,0.787142872810364,17.7210140228271,17.7021007537842,0.0704921931028366,0.0663999989628792,true,-1
"1136466894715015005","ZTF20aakyoez",1136466894715015000,58890.4668981,2,19.0308990478516,17.7942008972168,17.7154998779297,0.0929860025644302,0.0626000016927719,200.8709859,62.4461442,0.09,0.09,1,3.12756705284119,0.5,821,47,19.4060001373291,0.109999999403954,0.418570995330811,17.7942008972168,17.7154998779297,0.0929860025644302,0.0626000016927719,false,1136470114715015000
"1136470114715015002","ZTF20aakyoez",1136470114715015000,58890.4701156998,2,18.9394645690918,17.6997776031494,17.9058990478516,0.122065879404545,0.0737000033259392,200.8710183,62.4461611,0.09,0.09,1,3.12756705284119,0.5,821,47,19.4060001373291,0.109999999403954,0.469999998807907,17.6997776031494,17.9058990478516,0.122065879404545,0.0737000033259392,true,-1
"1136505723515015003","ZTF20aakyoez",1136505723515015000,58890.5057291999,1,18.9496917724609,17.7702922821045,17.9192008972168,0.0811762437224388,0.0891000032424927,200.8710697,62.4461932,0.09,0.09,1,3.03228330612183,0.5,820,35,21.503999710083,0.130999997258186,0.505714297294617,17.7702922821045,17.9192008972168,0.0811762437224388,0.0891000032424927,true,-1
"1136506633515015018","ZTF20aakyoez",1136506633515015000,58890.5066319001,1,18.9416999816895,17.8145313262939,17.8659000396729,0.0955562219023705,0.0846000015735626,200.8709531,62.4461525,0.09,0.09,1,3.13929295539856,0.5,820,35,21.503999710083,0.130999997258186,0.519999980926514,17.8145313262939,17.8659000396729,0.0955562219023705,0.0846000015735626,true,-1
"1136509884715015004","ZTF20aakyoez",1136509884715015000,58890.5098843002,1,19.08034324646,17.7939224243164,17.7007999420166,0.0804586187005043,0.0675999969244003,200.8710235,62.4461799,0.09,0.09,1,3.06285071372986,0.5,821,47,19.7220001220703,0.0949999988079071,0.432857155799866,17.7939224243164,17.7007999420166,0.0804586187005043,0.0675999969244003,true,-1
"1136511684715015007","ZTF20aakyoez",1136511684715015000,58890.5116897998,1,19.0596714019775,17.8053646087646,17.8665008544922,0.101777903735638,0.0778999999165535,200.8710636,62.4461562,0.09,0.09,1,3.16004538536072,0.5,821,47,19.7220001220703,0.0949999988079071,0.508571445941925,17.8053646087646,17.8665008544922,0.101777903735638,0.0778999999165535,true,-1
"1137433794715015004","ZTF20aakyoez",1137433794715015000,58891.4337963001,1,19.7291851043701,17.6776390075684,17.7003993988037,0.0542004629969597,0.0544000007212162,200.8710224,62.4462097,0.09,0.09,1,2.95738244056702,0.5,821,47,19.7220001220703,0.0949999988079071,0.934285700321198,17.6776390075684,17.7003993988037,0.0542004629969597,0.0544000007212162,true,-1
"1137445823515015007","ZTF20aakyoez",1137445823515015000,58891.4458217998,1,19.6585350036621,17.7312145233154,17.6919994354248,0.048797246068716,0.0571999996900558,200.8710217,62.4461878,0.09,0.09,1,3.03437972068787,0.5,820,35,21.503999710083,0.130999997258186,0.937142848968506,17.7312145233154,17.6919994354248,0.048797246068716,0.0571999996900558,true,-1
"1137486944715015007","ZTF20aakyoez",1137486944715015000,58891.4869443998,2,20.1010608673096,17.7157497406006,17.8292999267578,0.0760284140706062,0.0529000014066696,200.871007,62.4462236,0.09,0.09,1,2.90320491790771,0.5,821,47,19.4060001373291,0.109999999403954,0.948571443557739,17.7157497406006,17.8292999267578,0.0760284140706062,0.0529000014066696,true,-1
"1138322903515015011","ZTF20aakyoez",1138322903515015000,58892.3229051,2,19.8053245544434,17.6802101135254,17.6665992736816,0.0493254885077477,0.0529999993741512,200.8709053,62.4462158,0.09,0.09,1,2.9021430015564,0.5,820,35,19.4340000152588,0.0890000015497208,0.951428592205048,17.6802101135254,17.6665992736816,0.0493254885077477,0.0529999993741512,true,-1
"1138367933515015011","ZTF20aakyoez",1138367933515015000,58892.3679398,1,19.7804069519043,17.6871910095215,17.7042007446289,0.0560993440449238,0.0540999993681908,200.8709733,62.4462197,0.09,0.09,1,2.90638661384583,0.5,820,35,21.503999710083,0.130999997258186,0.959999978542328,17.6871910095215,17.7042007446289,0.0560993440449238,0.0540999993681908,true,-1
"1138388874715015008","ZTF20aakyoez",1138388874715015000,58892.3888773001,1,20.0319595336914,17.6479473114014,17.7984008789062,0.0510342195630074,0.0505999997258186,200.8709833,62.4462091,0.09,0.09,1,2.94692873954773,0.5,821,47,19.7220001220703,0.0949999988079071,0.949999988079071,17.6479473114014,17.7984008789062,0.0510342195630074,0.0505999997258186,true,-1
"1138507874715015007","ZTF20aakyoez",1138507874715015000,58892.5078703999,2,20.1587066650391,17.6730194091797,17.7294998168945,0.0685362666845322,0.0450000017881393,200.8709924,62.4462054,0.09,0.09,1,2.96281552314758,0.5,821,47,19.4060001373291,0.109999999403954,0.941428542137146,17.6730194091797,17.7294998168945,0.0685362666845322,0.0450000017881393,true,-1
"1139315933515015016","ZTF20aakyoez",1139315933515015000,58893.3159375,2,20.2179546356201,17.6201095581055,17.6284999847412,0.0532629862427711,0.0412000007927418,200.8709862,62.4462218,0.09,0.09,1,2.90288591384888,0.5,820,35,19.4340000152588,0.0890000015497208,0.938571453094482,17.6201095581055,17.6284999847412,0.0532629862427711,0.0412000007927418,true,-1
"1139319203515015015","ZTF20aakyoez",1139319203515015000,58893.3192014,2,20.1621723175049,17.6566925048828,17.6257991790771,0.0468254797160625,0.0412999987602234,200.8709682,62.4462028,0.09,0.09,1,2.96478223800659,0.5,820,35,19.4340000152588,0.0890000015497208,0.948571443557739,17.6566925048828,17.6257991790771,0.0468254797160625,0.0412999987602234,true,-1
"1139446683515015011","ZTF20aakyoez",1139446683515015000,58893.4466897999,1,20.275634765625,17.6808567047119,17.6695003509521,0.0549999736249447,0.0388000011444092,200.8709863,62.4462157,0.09,0.09,1,2.92449307441711,0.5,820,35,21.503999710083,0.130999997258186,0.95714282989502,17.6808567047119,17.6695003509521,0.0549999736249447,0.0388000011444092,true,-1
"1139448493515015011","ZTF20aakyoez",1139448493515015000,58893.4484954001,1,20.221134185791,17.6547374725342,17.6567001342773,0.0517647117376328,0.0388999991118908,200.8709745,62.4462212,0.09,0.09,1,2.90143370628357,0.5,820,35,21.503999710083,0.130999997258186,0.959999978542328,17.6547374725342,17.6567001342773,0.0517647117376328,0.0388999991118908,true,-1
"1139450314715015007","ZTF20aakyoez",1139450314715015000,58893.4503124999,1,20.275074005127,17.6461715698242,17.6525001525879,0.0436633862555027,0.0364000014960766,200.8709947,62.4462126,0.09,0.09,1,2.93807744979858,0.5,821,47,19.7220001220703,0.0949999988079071,0.948571443557739,17.6461715698242,17.6525001525879,0.0436633862555027,0.0364000014960766,true,-1
"1139451334715015004","ZTF20aakyoez",1139451334715015000,58893.4513309998,1,20.3373317718506,17.6206893920898,17.6007995605469,0.0435523390769958,0.0339000001549721,200.8709943,62.4462044,0.09,0.09,1,2.96694350242615,0.5,821,47,19.7220001220703,0.0949999988079071,0.941428542137146,17.6206893920898,17.6007995605469,0.0435523390769958,0.0339000001549721,true,-1
"1139513774715015013","ZTF20aakyoez",1139513774715015000,58893.5137731,2,20.4351043701172,17.6672096252441,17.7194995880127,0.0542628727853298,0.0377000011503696,200.8709935,62.4462085,0.09,0.09,1,2.95219540596008,0.5,821,47,19.4060001373291,0.109999999403954,0.945714294910431,17.6672096252441,17.7194995880127,0.0542628727853298,0.0377000011503696,true,-1
"1139536074715015007","ZTF20aakyoez",1139536074715015000,58893.5360764,2,20.4027233123779,17.6689052581787,17.6704006195068,0.0578680112957954,0.0368999987840652,200.8709862,62.4462296,0.09,0.09,1,2.87530493736267,0.5,821,47,19.4060001373291,0.109999999403954,0.927142858505249,17.6689052581787,17.6704006195068,0.0578680112957954,0.0368999987840652,true,-1
"1140364833515015017","ZTF20aakyoez",1140364833515015000,58894.3648379999,1,20.3473091125488,17.6673126220703,17.6487998962402,0.0474587082862854,0.033100001513958,200.8709583,62.4462207,0.09,0.09,1,2.89846730232239,0.5,820,35,21.503999710083,0.130999997258186,0.954285740852356,17.6673126220703,17.6487998962402,0.0474587082862854,0.033100001513958,true,-1
"1140366224715015011","ZTF20aakyoez",1140366224715015000,58894.3662268999,1,20.3975696563721,17.64377784729,17.6417999267578,0.0583562850952148,0.031300000846386,200.8709725,62.4461908,0.09,0.09,1,3.00856995582581,0.5,821,47,19.7220001220703,0.0949999988079071,0.951428592205048,17.64377784729,17.6417999267578,0.0583562850952148,0.031300000846386,true,-1
"1140478144715015011","ZTF20aakyoez",1140478144715015000,58894.4781481,2,20.4275760650635,17.6357574462891,17.646900177002,0.044861052185297,0.0331999994814396,200.8710163,62.4462023,0.09,0.09,1,2.98143339157104,0.5,821,47,19.4060001373291,0.109999999403954,0.951428592205048,17.6357574462891,17.646900177002,0.044861052185297,0.0331999994814396,true,-1
"1140506523515015025","ZTF20aakyoez",1140506523515015000,58894.5065278001,2,20.3502998352051,17.6198692321777,17.6443996429443,0.0475421585142612,0.0362000018358231,200.8709638,62.4462198,0.09,0.09,1,2.90323877334595,0.5,820,35,19.4340000152588,0.0890000015497208,0.949999988079071,17.6198692321777,17.6443996429443,0.0475421585142612,0.0362000018358231,true,-1
"1141390563515015026","ZTF20aakyoez",1141390563515015000,58895.3905671001,1,20.6204719543457,17.6961994171143,17.6713008880615,0.0491661913692951,0.0276999995112419,200.8709428,62.4462156,0.09,0.09,1,2.91228079795837,0.5,820,35,21.503999710083,0.130999997258186,0.944285690784454,17.6961994171143,17.6713008880615,0.0491661913692951,0.0276999995112419,true,-1
"1141405264715015006","ZTF20aakyoez",1141405264715015000,58895.4052662002,1,20.5978488922119,17.6225414276123,17.6446990966797,0.0509622767567635,0.0269000008702278,200.8710208,62.4462184,0.09,0.09,1,2.92617893218994,0.5,821,47,19.7220001220703,0.0949999988079071,0.948571443557739,17.6225414276123,17.6446990966797,0.0509622767567635,0.0269000008702278,true,-1
"1141453103515015025","ZTF20aakyoez",1141453103515015000,58895.4531018999,2,20.4971141815186,17.6271953582764,17.660400390625,0.0503663085401058,0.0324000008404255,200.8709802,62.4462166,0.09,0.09,1,2.91944003105164,0.5,820,35,19.4340000152588,0.0890000015497208,0.941428542137146,17.6271953582764,17.660400390625,0.0503663085401058,0.0324000008404255,true,-1
"1141455394715015022","ZTF20aakyoez",1141455394715015000,58895.4553935002,2,20.5977039337158,17.5933876037598,17.6623992919922,0.0489674136042595,0.0306000001728535,200.8709849,62.4462098,0.09,0.09,1,2.94493842124939,0.5,821,47,19.4060001373291,0.109999999403954,0.947142839431763,17.5933876037598,17.6623992919922,0.0489674136042595,0.0306000001728535,true,-1
"1144364583515015024","ZTF20aakyoez",1144364583515015000,58898.3645833,2,20.7672996520996,17.6518001556396,17.6236000061035,0.0563299991190434,0.0263000000268221,200.8709442,62.4462118,0.09,0.09,1,2.95681738853455,0.5,820,35,19.4340000152588,0.0890000015497208,0.915714025497437,17.6518001556396,17.6236000061035,0.0563299991190434,0.0263000000268221,false,1145348353515015000
"1144386203515015028","ZTF20aakyoez",1144386203515015000,58898.3862037002,1,20.9708003997803,17.8125991821289,17.7182006835938,0.0507970005273819,0.0229000002145767,200.8708863,62.4462029,0.09,0.09,1,2.95681738853455,0.5,820,35,21.503999710083,0.130999997258186,0.905713975429535,17.8125991821289,17.7182006835938,0.0507970005273819,0.0229000002145767,false,1145348353515015000
"1144451604715015005","ZTF20aakyoez",1144451604715015000,58898.4516087999,1,20.9923000335693,17.7486991882324,17.7646999359131,0.0539150014519691,0.0232999995350838,200.8709803,62.4462114,0.09,0.09,1,2.95681738853455,0.5,821,47,19.7220001220703,0.0949999988079071,0.928570985794067,17.7486991882324,17.7646999359131,0.0539150014519691,0.0232999995350838,false,1145348353515015000
"1144510084715015012","ZTF20aakyoez",1144510084715015000,58898.5100810002,2,20.6480007171631,17.6583003997803,17.6312999725342,0.0499700009822845,0.0273000001907349,200.8710177,62.4461971,0.09,0.09,1,2.95681738853455,0.5,821,47,19.4060001373291,0.109999999403954,0.924286007881165,17.6583003997803,17.6312999725342,0.0499700009822845,0.0273000001907349,false,1145348353515015000
"1145348353515015027","ZTF20aakyoez",1145348353515015000,58899.3483564998,2,20.5204181671143,17.6374282836914,17.625,0.0396657809615135,0.030799999833107,200.8709419,62.446203,0.09,0.09,1,2.95681738853455,0.5,820,35,19.4340000152588,0.0890000015497208,0.942857146263123,17.6374282836914,17.625,0.0396657809615135,0.030799999833107,true,-1
"1145389713515015020","ZTF20aakyoez",1145389713515015000,58899.3897106,1,20.6856651306152,17.800235748291,17.7812004089355,0.0524130649864674,0.0282000005245209,200.8709005,62.4462066,0.09,0.09,1,2.93383884429932,0.5,820,35,21.503999710083,0.130999997258186,0.934285700321198,17.800235748291,17.7812004089355,0.0524130649864674,0.0282000005245209,true,-1
"1145391194715015010","ZTF20aakyoez",1145391194715015000,58899.3911921,1,20.7377090454102,17.7691612243652,17.760799407959,0.0493745617568493,0.0270000007003546,200.8709851,62.4462032,0.09,0.09,1,2.96835923194885,0.5,821,47,19.7220001220703,0.0949999988079071,0.949999988079071,17.7691612243652,17.760799407959,0.0493745617568493,0.0270000007003546,true,-1
"1145477404715015005","ZTF20aakyoez",1145477404715015000,58899.4774074,2,20.5696220397949,17.6516628265381,17.6599998474121,0.0504610612988472,0.0299999993294477,200.8709932,62.446207,0.09,0.09,1,2.95740604400635,0.5,821,47,19.4060001373291,0.109999999403954,0.944285690784454,17.6516628265381,17.6599998474121,0.0504610612988472,0.0299999993294477,true,-1
"1146347833515015017","ZTF20aakyoez",1146347833515015000,58900.3478355999,1,19.7471313476562,17.8945846557617,17.8896999359131,0.0766110271215439,0.0681999996304512,200.8709176,62.4462068,0.09,0.09,1,2.93714070320129,0.5,820,35,21.503999710083,0.130999997258186,0.938571453094482,17.8945846557617,17.8896999359131,0.0766110271215439,0.0681999996304512,true,-1
"1146388394715015009","ZTF20aakyoez",1146388394715015000,58900.3883912,1,20.257926940918,17.8255424499512,17.8314990997314,0.0587758757174015,0.0434000007808208,200.8709665,62.4462052,0.09,0.09,1,2.95578336715698,0.5,821,47,19.7220001220703,0.0949999988079071,0.965714275836945,17.8255424499512,17.8314990997314,0.0587758757174015,0.0434000007808208,true,-1
"1146426243515015009","ZTF20aakyoez",1146426243515015000,58900.42625,2,19.4186267852783,17.6952381134033,17.7658996582031,0.0618276596069336,0.096000000834465,200.8709737,62.4462018,0.09,0.09,1,2.9699227809906,0.5,820,35,19.4340000152588,0.0890000015497208,0.947142839431763,17.6952381134033,17.7658996582031,0.0618276596069336,0.096000000834465,true,-1
"1146428074715015010","ZTF20aakyoez",1146428074715015000,58900.4280786999,2,20.1096878051758,17.6822338104248,17.7134990692139,0.0571424663066864,0.0441000014543533,200.8709809,62.4462108,0.09,0.09,1,2.94018363952637,0.5,821,47,19.4060001373291,0.109999999403954,0.954285740852356,17.6822338104248,17.7134990692139,0.0571424663066864,0.0441000014543533,true,-1
"1147391523515015022","ZTF20aakyoez",1147391523515015000,58901.3915277999,2,20.6560440063477,17.7279853820801,17.728099822998,0.0483168140053749,0.0306000001728535,200.870944,62.4462135,0.09,0.09,1,2.9200644493103,0.5,820,35,19.4340000152588,0.0890000015497208,0.937142848968506,17.7279853820801,17.728099822998,0.0483168140053749,0.0306000001728535,true,-1
"1147427124715015005","ZTF20aakyoez",1147427124715015000,58901.4271296002,2,20.5292263031006,17.7433223724365,17.7532997131348,0.0456322245299816,0.0308999996632338,200.870963,62.4462088,0.09,0.09,1,2.94201469421387,0.5,821,47,19.4060001373291,0.109999999403954,0.942857146263123,17.7433223724365,17.7532997131348,0.0456322245299816,0.0308999996632338,true,-1
"1149347843515015021","ZTF20aakyoez",1149347843515015000,58903.3478472,1,20.7151336669922,18.0892677307129,18.0804004669189,0.0591352060437202,0.0364000014960766,200.8709226,62.4462097,0.09,0.09,1,2.92804217338562,0.5,820,35,21.503999710083,0.130999997258186,0.947142839431763,18.0892677307129,18.0804004669189,0.0591352060437202,0.0364000014960766,true,-1
"1149362314715015015","ZTF20aakyoez",1149362314715015000,58903.3623147998,1,20.7985019683838,18.0301361083984,18.007999420166,0.0495170392096043,0.0328000001609325,200.8709656,62.4462029,0.09,0.09,1,2.9636824131012,0.5,821,47,19.7220001220703,0.0949999988079071,0.95714282989502,18.0301361083984,18.007999420166,0.0495170392096043,0.0328000001609325,true,-1
"1149405983515015025","ZTF20aakyoez",1149405983515015000,58903.4059838001,2,20.7197151184082,17.8842811584473,17.7800006866455,0.0448962673544884,0.0310999993234873,200.8709413,62.4461981,0.09,0.09,1,2.97407865524292,0.5,820,35,19.4340000152588,0.0890000015497208,0.944285690784454,17.8842811584473,17.7800006866455,0.0448962673544884,0.0310999993234873,true,-1
"1149427344715015007","ZTF20aakyoez",1149427344715015000,58903.4273494999,2,20.6690044403076,17.8552684783936,17.8607997894287,0.0543020106852055,0.033100001513958,200.8709846,62.4461986,0.09,0.09,1,2.98449325561523,0.5,821,47,19.4060001373291,0.109999999403954,0.954285740852356,17.8552684783936,17.8607997894287,0.0543020106852055,0.033100001513958,true,-1
"1150306463515015019","ZTF20aakyoez",1150306463515015000,58904.3064699001,1,20.4751758575439,18.1889133453369,18.108699798584,0.0799066722393036,0.0430000014603138,200.8708711,62.4462024,0.09,0.09,1,2.94258379936218,0.5,820,35,21.503999710083,0.130999997258186,0.941428542137146,18.1889133453369,18.108699798584,0.0799066722393036,0.0430000014603138,true,-1
"1150455334715015008","ZTF20aakyoez",1150455334715015000,58904.4553355998,1,20.6197986602783,18.1027870178223,18.0405006408691,0.066004790365696,0.0348000004887581,200.8709793,62.4461998,0.09,0.09,1,2.97865891456604,0.5,821,47,19.7220001220703,0.0949999988079071,0.945714294910431,18.1027870178223,18.0405006408691,0.066004790365696,0.0348000004887581,true,-1
"1150515963515015022","ZTF20aakyoez",1150515963515015000,58904.5159606002,2,20.4223327636719,17.9197807312012,17.9491004943848,0.0589705370366573,0.0428000018000603,200.8709603,62.4462149,0.09,0.09,1,2.9196093082428,0.5,820,35,19.4340000152588,0.0890000015497208,0.958571434020996,17.9197807312012,17.9491004943848,0.0589705370366573,0.0428000018000603,true,-1
"1151283063515015015","ZTF20aakyoez",1151283063515015000,58905.2830671002,1,20.0128040313721,18.2216129302979,18.207799911499,0.0746694430708885,0.0537000000476837,200.8708901,62.4461772,0.09,0.09,1,3.0364978313446,0.5,820,35,21.503999710083,0.130999997258186,0.821428596973419,18.2216129302979,18.207799911499,0.0746694430708885,0.0537000000476837,true,-1
"1152325543515025023","ZTF20aakyoez",1152325543515025000,58906.3255440001,1,20.3880004882812,18.3505992889404,18.3017997741699,0.0806920006871223,0.0518000014126301,200.8708934,62.4461991,0.09,0.09,1,2.89699673652649,0.5,820,35,21.503999710083,0.130999997258186,0.93571400642395,18.3505992889404,18.3017997741699,0.0806920006871223,0.0518000014126301,false,1154322873515015000
"1152342044715025017","ZTF20aakyoez",1152342044715025000,58906.3420485999,1,20.484899520874,18.2548007965088,18.2210006713867,0.0902839973568916,0.0443000011146069,200.8709925,62.4462068,0.09,0.09,1,2.89699673652649,0.5,821,47,19.7220001220703,0.0949999988079071,0.942857027053833,18.2548007965088,18.2210006713867,0.0902839973568916,0.0443000011146069,false,1154322873515015000
"1152464523515025019","ZTF20aakyoez",1152464523515025000,58906.4645254998,2,20.2092990875244,18.0662002563477,17.9913997650146,0.0603969991207123,0.0467999987304211,200.8708658,62.4461994,0.09,0.09,1,2.89699673652649,0.5,820,35,19.4340000152588,0.0890000015497208,0.945713996887207,18.0662002563477,17.9913997650146,0.0603969991207123,0.0467999987304211,false,1154322873515015000
"1152489164715025002","ZTF20aakyoez",1152489164715025000,58906.4891666998,2,19.6828994750977,18.0564994812012,18.0223999023438,0.0908410027623177,0.0766000002622604,200.871036,62.4462107,0.09,0.09,1,2.89699673652649,0.5,821,47,19.4060001373291,0.109999999403954,0.878570973873138,18.0564994812012,18.0223999023438,0.0908410027623177,0.0766000002622604,false,1154322873515015000
"1154322873515015024","ZTF20aakyoez",1154322873515015000,58908.3228703998,1,20.4696083068848,18.5549697875977,18.5055999755859,0.0713548511266708,0.0592000000178814,200.8708647,62.4462148,0.09,0.09,1,2.89699673652649,0.5,820,35,21.503999710083,0.130999997258186,0.935714304447174,18.5549697875977,18.5055999755859,0.0713548511266708,0.0592000000178814,true,-1
"1154322873515025024","ZTF20aakyoez",1154322873515025000,58908.3228703998,1,20.4696006774902,18.5550003051758,18.5055999755859,0.0713550001382828,0.0592000000178814,200.8708647,62.4462148,0.09,0.09,1,2.88546299934387,0.5,820,35,21.503999710083,0.130999997258186,0.93571400642395,18.5550003051758,18.5055999755859,0.0713550001382828,0.0592000000178814,false,1182422524715015000
"1154347314715025019","ZTF20aakyoez",1154347314715025000,58908.3473148001,1,20.6690006256104,18.4985008239746,18.4839000701904,0.0741719976067543,0.0527000017464161,200.8709338,62.4461987,0.09,0.09,1,2.88546299934387,0.5,821,47,19.7220001220703,0.0949999988079071,0.957143008708954,18.4985008239746,18.4839000701904,0.0741719976067543,0.0527000017464161,false,1182422524715015000
"1154466753515025029","ZTF20aakyoez",1154466753515025200,58908.4667592999,2,20.6714000701904,18.1942005157471,18.2276000976562,0.0540250018239021,0.0480999983847141,200.8709306,62.4462211,0.09,0.09,1,2.88546299934387,0.5,820,35,19.4340000152588,0.0890000015497208,0.954285979270935,18.1942005157471,18.2276000976562,0.0540250018239021,0.0480999983847141,false,1182422524715015000
"1154466753515015029","ZTF20aakyoez",1154466753515015000,58908.4667592999,2,20.6713943481445,18.1942462921143,18.2276000976562,0.0540245398879051,0.0480999983847141,200.8709306,62.4462211,0.09,0.09,1,2.88951063156128,0.5,820,35,19.4340000152588,0.0890000015497208,0.954285740852356,18.1942462921143,18.2276000976562,0.0540245398879051,0.0480999983847141,true,-1
"1154496284715015012","ZTF20aakyoez",1154496284715015000,58908.4962847,2,20.6439990997314,18.1580009460449,18.2532997131348,0.0612489990890026,0.0493000000715256,200.8709847,62.4462162,0.09,0.09,1,2.8505072593689,0.5,821,47,19.4060001373291,0.109999999403954,0.954285979270935,18.1580009460449,18.2532997131348,0.0612489990890026,0.0493000000715256,false,1157408333515015000
"1154496284715025012","ZTF20aakyoez",1154496284715025000,58908.4962847,2,20.6439990997314,18.1580009460449,18.2532997131348,0.0612489990890026,0.0493000000715256,200.8709847,62.4462162,0.09,0.09,1,2.88546299934387,0.5,821,47,19.4060001373291,0.109999999403954,0.954285979270935,18.1580009460449,18.2532997131348,0.0612489990890026,0.0493000000715256,false,1182422524715015000
"1155243793515015009","ZTF20aakyoez",1155243793515015000,58909.2437963001,1,19.510799407959,18.6389999389648,18.7226009368896,0.127537995576859,0.0899000018835068,200.8710512,62.4462177,0.09,0.09,1,2.8505072593689,0.5,820,35,21.503999710083,0.130999997258186,0.360000014305115,18.6389999389648,18.7226009368896,0.127537995576859,0.0899000018835068,false,1157408333515015000
"1157408333515015024","ZTF20aakyoez",1157408333515015000,58911.4083333001,1,20.3951873779297,18.8908424377441,18.9067993164062,0.0997970476746559,0.0856000036001205,200.8708994,62.4462299,0.09,0.09,1,2.8505072593689,0.5,820,35,21.503999710083,0.130999997258186,0.912857115268707,18.8908424377441,18.9067993164062,0.0997970476746559,0.0856000036001205,true,-1
"1157418154715015005","ZTF20aakyoez",1157418154715015000,58911.4181597,1,20.3561782836914,18.7872772216797,18.7625999450684,0.0863023400306702,0.070200003683567,200.8709181,62.4461821,0.09,0.09,1,3.02525687217712,0.5,821,47,19.7220001220703,0.0949999988079071,0.888571441173553,18.7872772216797,18.7625999450684,0.0863023400306702,0.070200003683567,true,-1
"1157469253515015015","ZTF20aakyoez",1157469253515015000,58911.4692592998,2,20.0759468078613,18.2417030334473,18.2481002807617,0.075446680188179,0.060699999332428,200.8709421,62.446211,0.09,0.09,1,2.92843818664551,0.5,820,35,19.4340000152588,0.0890000015497208,0.931428551673889,18.2417030334473,18.2481002807617,0.075446680188179,0.060699999332428,true,-1
"1157472504715015004","ZTF20aakyoez",1157472504715015000,58911.4725000001,2,20.1791305541992,18.3167476654053,18.2266006469727,0.0648657977581024,0.0538999997079372,200.8709897,62.4461822,0.09,0.09,1,3.04409670829773,0.5,821,47,19.4060001373291,0.109999999403954,0.942857146263123,18.3167476654053,18.2266006469727,0.0648657977581024,0.0538999997079372,true,-1
"1158456523515015022","ZTF20aakyoez",1158456523515015000,58912.4565277998,2,20.508358001709,18.2910633087158,18.2262001037598,0.0774270966649055,0.0533999986946583,200.870961,62.4462094,0.09,0.09,1,2.93931794166565,0.5,820,35,19.4340000152588,0.0890000015497208,0.952857136726379,18.2910633087158,18.2262001037598,0.0774270966649055,0.0533999986946583,true,-1
"1158477034715015007","ZTF20aakyoez",1158477034715015000,58912.477037,2,20.553165435791,18.2306385040283,18.2049999237061,0.0684347674250603,0.0500999987125397,200.871023,62.4462144,0.09,0.09,1,2.94102430343628,0.5,821,47,19.4060001373291,0.109999999403954,0.928571403026581,18.2306385040283,18.2049999237061,0.0684347674250603,0.0500999987125397,true,-1
"1158511653515015030","ZTF20aakyoez",1158511653515015000,58912.5116551002,1,20.6544189453125,18.9817848205566,18.8703002929688,0.0967040061950684,0.0766000002622604,200.8709081,62.4462087,0.09,0.09,1,2.92810463905334,0.5,820,35,21.503999710083,0.130999997258186,0.907142877578735,18.9817848205566,18.8703002929688,0.0967040061950684,0.0766000002622604,true,-1
"1158513984715015023","ZTF20aakyoez",1158513984715015000,58912.5139815002,1,20.6944999694824,18.9028873443604,18.8052005767822,0.101300917565823,0.0681999996304512,200.8709482,62.4462033,0.09,0.09,1,2.95743227005005,0.5,821,47,19.7220001220703,0.0949999988079071,0.938571453094482,18.9028873443604,18.8052005767822,0.101300917565823,0.0681999996304512,true,-1
"1159322073515015012","ZTF20aakyoez",1159322073515015000,58913.3220718,1,19.9994659423828,18.9777736663818,18.892599105835,0.112926296889782,0.148800000548363,200.870974,62.4462003,0.09,0.09,1,2.97532677650452,0.5,820,35,21.503999710083,0.130999997258186,0.912857115268707,18.9777736663818,18.892599105835,0.112926296889782,0.148800000548363,true,-1
"1159454223515015012","ZTF20aakyoez",1159454223515015000,58913.4542244999,2,20.0621871948242,18.3199348449707,18.2735996246338,0.0757934972643852,0.0793000012636185,200.8709787,62.4461979,0.09,0.09,1,2.9852123260498,0.5,820,35,19.4340000152588,0.0890000015497208,0.952857136726379,18.3199348449707,18.2735996246338,0.0757934972643852,0.0793000012636185,true,-1
"1159456054715015005","ZTF20aakyoez",1159456054715015000,58913.4560532002,2,20.2107372283936,18.2784767150879,18.1902008056641,0.0713657364249229,0.0653000026941299,200.8709897,62.4462157,0.09,0.09,1,2.9255485534668,0.5,821,47,19.4060001373291,0.109999999403954,0.959999978542328,18.2784767150879,18.1902008056641,0.0713657364249229,0.0653000026941299,true,-1
"1159511854715015010","ZTF20aakyoez",1159511854715015000,58913.5118518998,1,20.493013381958,19.0204391479492,19.113899230957,0.119103781878948,0.112400002777576,200.8709742,62.4462283,0.09,0.09,1,2.87620496749878,0.5,821,47,19.7220001220703,0.0949999988079071,0.964285731315613,19.0204391479492,19.113899230957,0.119103781878948,0.112400002777576,true,-1
"1160386003515015011","ZTF20aakyoez",1160386003515015000,58914.3860069001,2,20.0549392700195,18.2805843353271,18.2572994232178,0.0700617954134941,0.0856999978423119,200.870987,62.446198,0.09,0.09,1,2.9873423576355,0.5,820,35,19.4340000152588,0.0890000015497208,0.947142839431763,18.2805843353271,18.2572994232178,0.0700617954134941,0.0856999978423119,true,-1
"1160414144715015050","ZTF20aakyoez",1160414144715015200,58914.4141434999,2,20.1612949371338,18.3097171783447,18.4232006072998,0.0698627829551697,0.089199997484684,200.8709792,62.4462144,0.09,0.09,1,2.92692518234253,0.5,821,47,19.4060001373291,0.109999999403954,0.928571403026581,18.3097171783447,18.4232006072998,0.0698627829551697,0.089199997484684,true,-1
"1160451203515015013","ZTF20aakyoez",1160451203515015000,58914.4512037002,1,19.9933414459229,19.0961933135986,18.7283000946045,0.118052124977112,0.126399993896484,200.8710736,62.446174,0.09,0.09,1,3.10110855102539,0.5,820,35,21.503999710083,0.130999997258186,0.59714287519455,19.0961933135986,18.7283000946045,0.118052124977112,0.126399993896484,true,-1
"1160469934715015008","ZTF20aakyoez",1160469934715015000,58914.4699305999,1,19.8065032958984,19.1920166015625,19.1453990936279,0.126606419682503,0.217999994754791,200.8710199,62.4462216,0.09,0.09,1,2.91459655761719,0.5,821,47,19.7220001220703,0.0949999988079071,0.952857136726379,19.1920166015625,19.1453990936279,0.126606419682503,0.217999994754791,true,-1
"1161390863515015011","ZTF20aakyoez",1161390863515015000,58915.3908680999,2,19.8101634979248,18.3377132415771,18.1874008178711,0.0899478942155838,0.0935999974608421,200.8709906,62.4462119,0.09,0.09,1,2.93926739692688,0.5,820,35,19.4340000152588,0.0890000015497208,0.947142839431763,18.3377132415771,18.1874008178711,0.0899478942155838,0.0935999974608421,true,-1
"1161425634715015053","ZTF20aakyoez",1161425634715015200,58915.4256365998,2,18.1794681549072,18.4279766082764,18.32200050354,0.206417471170425,0.484699994325638,200.8709483,62.4462716,0.09,0.09,1,2.71512079238892,0.5,821,47,19.4060001373291,0.109999999403954,0.572857141494751,18.4279766082764,18.32200050354,0.206417471170425,0.484699994325638,true,-1
"1161463533515015004","ZTF20aakyoez",1161463533515015000,58915.4635301,1,19.5581302642822,19.044038772583,19.2311000823975,0.170101091265678,0.263000011444092,200.8710222,62.4462162,0.09,0.09,1,2.93440890312195,0.5,820,35,21.503999710083,0.130999997258186,0.858571410179138,19.044038772583,19.2311000823975,0.170101091265678,0.263000011444092,true,-1
"1161464914715015004","ZTF20aakyoez",1161464914715015000,58915.4649189999,1,19.6749706268311,19.1498146057129,19.4115009307861,0.160441875457764,0.283600002527237,200.8710605,62.4462478,0.09,0.09,1,2.83745789527893,0.5,821,47,19.7220001220703,0.0949999988079071,0.871428549289703,19.1498146057129,19.4115009307861,0.160441875457764,0.283600002527237,true,-1
"1182274083515015022","ZTF20aakyoez",1182274083515015000,58936.2740855999,1,20.6963005065918,20.9545993804932,21.0380001068115,0.337650001049042,0.556900024414062,200.8706677,62.446188,0.09,0.09,1,2.88546299934387,0.5,820,35,21.503999710083,0.130999997258186,0.401428997516632,20.9545993804932,21.0380001068115,0.337650001049042,0.556900024414062,false,1182422524715015000
"1182300054715015010","ZTF20aakyoez",1182300054715015000,58936.3000579001,1,20.7562007904053,20.6664009094238,20.1676998138428,0.242149993777275,0.235799998044968,200.8710145,62.4462172,0.09,0.09,1,2.88546299934387,0.5,821,47,19.7220001220703,0.0949999988079071,0.455713987350464,20.6664009094238,20.1676998138428,0.242149993777275,0.235799998044968,false,1182422524715015000
"1182422524715015014","ZTF20aakyoez",1182422524715015000,58936.4225230999,2,20.5982913970947,19.3085842132568,19.3864994049072,0.0875000581145287,0.144899994134903,200.8709732,62.4462256,0.09,0.09,1,2.88546299934387,0.5,821,47,19.4060001373291,0.109999999403954,0.952857136726379,19.3085842132568,19.3864994049072,0.0875000581145287,0.144899994134903,true,-1
"1182423443515015021","ZTF20aakyoez",1182423443515015000,58936.4234491,2,20.4908638000488,19.3417434692383,19.2101001739502,0.103405177593231,0.133100003004074,200.870945,62.4462078,0.09,0.09,1,2.94058418273926,0.5,820,35,19.4340000152588,0.0890000015497208,0.945714294910431,19.3417434692383,19.2101001739502,0.103405177593231,0.133100003004074,true,-1
"1187412124715015014","ZTF20aakyoez",1187412124715015000,58941.4121296001,2,20.3924083709717,19.6581993103027,19.7215003967285,0.161866635084152,0.191200003027916,200.8709557,62.4461518,0.09,0.09,1,3.14245676994324,0.5,821,47,19.4060001373291,0.109999999403954,0.888571441173553,19.6581993103027,19.7215003967285,0.161866635084152,0.191200003027916,true,-1
"1187465994715015006","ZTF20aakyoez",1187465994715015000,58941.4659954002,1,20.5820007324219,20.7341003417969,20.5063991546631,0.336450010538101,0.292199999094009,200.8708603,62.4461215,0.09,0.09,1,2.82321667671204,0.5,821,47,19.7220001220703,0.0949999988079071,0.344285994768143,20.7341003417969,20.5063991546631,0.336450010538101,0.292199999094009,false,1200470044715015000
"1200311044715015007","ZTF20aakyoez",1200311044715015000,58954.3110417002,1,20.6972999572754,20.8027992248535,20.4428997039795,0.285380005836487,0.299699991941452,200.8708568,62.4462382,0.09,0.09,1,2.82321667671204,0.5,821,47,19.7220001220703,0.0949999988079071,0.602856993675232,20.8027992248535,20.4428997039795,0.285380005836487,0.299699991941452,false,1200470044715015000
"1200452323515015019","ZTF20aakyoez",1200452323515015000,58954.4523264002,2,20.0527992248535,19.8318996429443,19.7318992614746,0.219117999076843,0.270500004291534,200.8707985,62.4462207,0.09,0.09,1,2.82321667671204,0.5,820,35,19.4340000152588,0.0890000015497208,0.899999976158142,19.8318996429443,19.7318992614746,0.219117999076843,0.270500004291534,false,1200470044715015000
"1200470044715015005","ZTF20aakyoez",1200470044715015000,58954.4700463,2,20.204137802124,19.7643394470215,19.8770008087158,0.157699421048164,0.282299995422363,200.871094,62.4462558,0.09,0.09,1,2.82321667671204,0.5,821,47,19.4060001373291,0.109999999403954,0.934285700321198,19.7643394470215,19.8770008087158,0.157699421048164,0.282299995422363,true,-1
"1201327824715015019","ZTF20aakyoez",1201327824715015000,58955.3278240999,1,20.7863006591797,20.6695003509521,20.3376998901367,0.259645998477936,0.265100002288818,200.8708945,62.4462263,0.09,0.09,1,2.85937237739563,0.5,821,47,19.7220001220703,0.0949999988079071,0.614286005496979,20.6695003509521,20.3376998901367,0.259645998477936,0.265100002288818,false,1208287044715015000
"1208287044715015017","ZTF20aakyoez",1208287044715015000,58962.2870486001,2,20.6456279754639,20.1750221252441,20.4002990722656,0.182494953274727,0.341699987649918,200.870917,62.4462286,0.09,0.09,1,2.85937237739563,0.5,821,47,19.4060001373291,0.109999999403954,0.848571419715881,20.1750221252441,20.4002990722656,0.182494953274727,0.341699987649918,true,-1
"1208289803515015020","ZTF20aakyoez",1208289803515015000,58962.2898031999,2,20.5144996643066,20.278299331665,19.9272994995117,0.257797002792358,0.245399996638298,200.8710037,62.4462355,0.09,0.09,1,2.8749668598175,0.5,820,35,19.4340000152588,0.0890000015497208,0.572857022285461,20.278299331665,19.9272994995117,0.257797002792358,0.245399996638298,false,1211296903515015000
"1208345544715015008","ZTF20aakyoez",1208345544715015000,58962.3455440002,1,20.6266994476318,21.0454998016357,21.6023006439209,0.349112004041672,0.904399991035461,200.8710636,62.4462366,0.09,0.09,1,2.8749668598175,0.5,821,47,19.7220001220703,0.0949999988079071,0.648571014404297,21.0454998016357,21.6023006439209,0.349112004041672,0.904399991035461,false,1211296903515015000
"1211267244715015012","ZTF20aakyoez",1211267244715015000,58965.2672454002,1,20.8313007354736,20.8750991821289,20.9529991149902,0.279902994632721,0.449999988079071,200.8709605,62.4462034,0.09,0.09,1,2.8749668598175,0.5,821,47,19.7220001220703,0.0949999988079071,0.712857007980347,20.8750991821289,20.9529991149902,0.279902994632721,0.449999988079071,false,1211296903515015000
"1211269543515015017","ZTF20aakyoez",1211269543515015000,58965.2695486001,1,20.7590999603271,21.0897006988525,21.25119972229,0.313412994146347,0.602199971675873,200.8710872,62.4462237,0.09,0.09,1,2.8749668598175,0.5,820,35,21.503999710083,0.130999997258186,0.340000003576279,21.0897006988525,21.25119972229,0.313412994146347,0.602199971675873,false,1211296903515015000
"1211296903515015016","ZTF20aakyoez",1211296903515015000,58965.2969097001,2,20.641019821167,20.275728225708,20.3031005859375,0.177075549960136,0.302899986505508,200.8710579,62.4462368,0.09,0.09,1,2.8749668598175,0.5,820,35,19.4340000152588,0.0890000015497208,0.712857127189636,20.275728225708,20.3031005859375,0.177075549960136,0.302899986505508,true,-1
"1211300544715015007","ZTF20aakyoez",1211300544715015000,58965.3005440002,2,20.6745510101318,20.2285976409912,20.1497993469238,0.170137375593185,0.260899990797043,200.8710977,62.44624,0.09,0.09,1,2.87979412078857,0.5,821,47,19.4060001373291,0.109999999403954,0.804285705089569,20.2285976409912,20.1497993469238,0.170137375593185,0.260899990797043,true,-1
"1214281954715015020","ZTF20aakyoez",1214281954715015000,58968.2819559998,1,20.7043991088867,21.0613994598389,20.7367000579834,0.334208011627197,0.410699993371964,200.8710723,62.446116,0.09,0.09,1,2.82456660270691,0.5,821,47,21.7450008392334,0.18299999833107,0.271429002285004,21.0613994598389,20.7367000579834,0.334208011627197,0.410699993371964,false,1214385324715015000
"1214361293515015004","ZTF20aakyoez",1214361293515015000,58968.3612962998,2,20.7465000152588,20.460599899292,20.0727996826172,0.230976998806,0.233899995684624,200.8709222,62.446171,0.09,0.09,1,2.82456660270691,0.5,820,35,19.4340000152588,0.0890000015497208,0.447142988443375,20.460599899292,20.0727996826172,0.230976998806,0.233899995684624,false,1214385324715015000
"1214385324715015013","ZTF20aakyoez",1214385324715015000,58968.3853241,2,20.7595596313477,20.3761825561523,20.5090999603271,0.191158771514893,0.347600013017654,200.8709201,62.4462386,0.09,0.09,1,2.82456660270691,0.5,821,47,19.4060001373291,0.109999999403954,0.752857148647308,20.3761825561523,20.5090999603271,0.191158771514893,0.347600013017654,true,-1