t0,a,power,y0
6.620520447819155,1.0007440050642482,1.2001422787592726,-0.1012539265151255
6.625458186624197,1.0008799418702465,1.199401511637718,-0.10128363318719394
6.732905878282382,0.9982279328061879,1.171775710257909,-0.10192349232065526
6.732905878282382,0.9982279328061879,1.171775710257909,-0.10192349232065526
6.732905878282382,0.9982279328061879,1.171775710257909,-0.10192349232065526
6.732905878282382,0.9982279328061879,1.171775710257909,-0.10192349232065526
6.470158765480358,1.002572236869236,1.2336754640265943,-0.10105218049380464
6.470158765480358,1.002572236869236,1.2336754640265943,-0.10105218049380464
6.173093852564974,0.9937245819329913,1.2867335155597863,-0.10086730682102872
5.859824389207679,1.0036404992598724,1.366362136509951,-0.09955299464503171
5.907797676587303,1.0020095375537992,1.3540538776364126,-0.09905610135800029
5.907797676587303,1.0020095375537992,1.3540538776364126,-0.09905610135800029
5.880939353669454,1.002998558262016,1.3603376701989172,-0.09908076627683965
5.628387227500359,1.002009387488328,1.4151127177306886,-0.09806029290643731
5.941178903413868,0.9931509581731363,1.3442841021524061,-0.09355859613665177
5.592962597690485,1.0066559790973326,1.432031040943865,-0.09857051768484942
5.725245308009656,1.0015256025428556,1.3986971542339033,-0.09666655582147445
5.86714984528672,0.9974704955603324,1.3649747434179722,-0.09688331315851556
5.823594458799025,0.9968551882126264,1.3714603184787821,-0.0979234881767301
5.823594458799025,0.9968551882126264,1.3714603184787821,-0.0979234881767301
5.823594458799025,0.9968551882126264,1.3714603184787821,-0.0979234881767301
5.823594458799025,0.9968551882126264,1.3714603184787821,-0.0979234881767301
5.823594458799025,0.9968551882126264,1.3714603184787821,-0.0979234881767301
5.695411997807085,1.0017557858385984,1.4033577259451693,-0.09923399291034404
6.136768207746183,0.987355984471593,1.2947796482910388,-0.09597391892730933
6.136768207746183,0.987355984471593,1.2947796482910388,-0.09597391892730933
6.410190162941055,0.9938019656772046,1.2344206952778969,-0.09272218485858691
6.265263140311301,0.9903852800515356,1.2664138954691884,-0.09444576311559923
6.280915610231121,0.990446349131971,1.2634635463621628,-0.09419099206576426
6.280915610231121,0.990446349131971,1.2634635463621628,-0.09419099206576426
6.263914413311417,0.9876863585198438,1.2698070518281133,-0.09674641367048746
6.465951645811948,0.9824605508752137,1.2255321635114615,-0.09877016763578866
6.465951645811948,0.9824605508752137,1.2255321635114615,-0.09877016763578866
6.465951645811948,0.9824605508752137,1.2255321635114615,-0.09877016763578866
6.465951645811948,0.9824605508752137,1.2255321635114615,-0.09877016763578866
6.357148550704159,0.9847710684131467,1.2404302450248172,-0.10056846576605574
6.16259076411253,0.9908184602873864,1.2589902006233284,-0.10394186032718405
6.249995856579766,0.9805145886589944,1.2445073435473872,-0.10119907191214121
6.185037649314123,0.9835386208281576,1.2575900685401062,-0.10219216315086939
5.9729276732079155,0.9802700572559314,1.2784992081381534,-0.10354888846335229
6.114511166266555,0.9692127392939228,1.2402282497177808,-0.10000108882033688
6.010415342377731,0.9639403276980131,1.2437526776235877,-0.09993481657026505
6.010415342377731,0.9639403276980131,1.2437526776235877,-0.09993481657026505
5.961979677982378,0.9618808170435457,1.244587007693582,-0.10047372066975423
5.961979677982378,0.9618808170435457,1.244587007693582,-0.10047372066975423
5.78874661416278,0.9680217834303543,1.3016346640624736,-0.10065606614133592
5.78874661416278,0.9680217834303543,1.3016346640624736,-0.10065606614133592
5.78874661416278,0.9680217834303543,1.3016346640624736,-0.10065606614133592
5.787163912919646,0.9792001409993869,1.330304458711733,-0.09691208618371615
5.787163912919646,0.9792001409993869,1.330304458711733,-0.09691208618371615
5.6005084954782705,0.9929083399011807,1.3818938116995032,-0.10102833270319331
5.6005084954782705,0.9929083399011807,1.3818938116995032,-0.10102833270319331
5.371765225637484,0.9896867441093267,1.4239439989243312,-0.10122507949222322
5.371765225637484,0.9896867441093267,1.4239439989243312,-0.10122507949222322
5.322284845921195,0.9921431625032957,1.4689296204461697,-0.09393123426072447
5.303516533090796,0.9919139871980466,1.4711685160726056,-0.09381971888581093
5.288597350768397,0.9925230199735109,1.4830517126072285,-0.09192152318754923
5.332041043717337,0.9901691094967237,1.4770196658693884,-0.0900944671429147
5.332041043717337,0.9901691094967237,1.4770196658693884,-0.0900944671429147
5.332041043717337,0.9901691094967237,1.4770196658693884,-0.0900944671429147
5.968065881285854,0.9682618796702257,1.2933760360205089,-0.1003138988341251
6.157158975799214,0.9805333261983025,1.2672700377325306,-0.09999882476987593
6.2516342715350754,0.9846380790750893,1.2535781524469054,-0.10025802370163626
6.27592069755395,0.9838456527959247,1.2456032127857986,-0.10099807235567212
6.27592069755395,0.9838456527959247,1.2456032127857986,-0.10099807235567212
6.327529995468047,0.9818745528915928,1.2317209401629208,-0.10119927939469181
6.253183244423474,0.9831958936025286,1.2519213434272158,-0.10083670461276557
6.253183244423474,0.9831958936025286,1.2519213434272158,-0.10083670461276557
6.145012017004499,0.9735359890020384,1.2610176652633847,-0.10072928101761693
6.300536076005494,0.9738031414326804,1.2302145159772189,-0.09990606645074174
6.284732139356606,0.9749843550861176,1.2341638673472886,-0.10011543441821096
6.39799671288867,0.9782601442297333,1.2206379237229406,-0.09921969070105402
6.39799671288867,0.9782601442297333,1.2206379237229406,-0.09921969070105402
6.501081837355121,0.9712075644632445,1.1998316261411632,-0.0969062894959286
6.352900061206011,0.9704283714233702,1.2282447181110372,-0.0979596383910509
6.352900061206011,0.9704283714233702,1.2282447181110372,-0.0979596383910509
6.619532571896869,0.9718304210001377,1.177119308190222,-0.09606428345713997
6.619532571896869,0.9718304210001377,1.177119308190222,-0.09606428345713997
6.619532571896869,0.9718304210001377,1.177119308190222,-0.09606428345713997
6.619532571896869,0.9718304210001377,1.177119308190222,-0.09606428345713997
6.836114182630552,0.966829543287435,1.128015878205269,-0.09477585879537004
6.5171317808571505,0.9696534593795307,1.190833243729216,-0.09906141835693377
6.5171317808571505,0.9696534593795307,1.190833243729216,-0.09906141835693377
6.5171317808571505,0.9696534593795307,1.190833243729216,-0.09906141835693377
6.5171317808571505,0.9696534593795307,1.190833243729216,-0.09906141835693377
6.5171317808571505,0.9696534593795307,1.190833243729216,-0.09906141835693377
6.5171317808571505,0.9696534593795307,1.190833243729216,-0.09906141835693377
6.5171317808571505,0.9696534593795307,1.190833243729216,-0.09906141835693377
6.5171317808571505,0.9696534593795307,1.190833243729216,-0.09906141835693377
6.241283433587271,0.9750938951722832,1.251321990574676,-0.10093457770710484
6.281836428538798,0.9747359735245951,1.2405508144532629,-0.10100582532103125
6.273668230312189,0.9750897834799442,1.2425582573122722,-0.1010417718125532
5.713508896536856,0.9977817721882298,1.386028656221928,-0.10315827890463704
5.775865801349194,0.995255701310595,1.3700575396685337,-0.10292266945689972
5.775865801349194,0.995255701310595,1.3700575396685337,-0.10292266945689972
6.121702331124538,1.0002862081148174,1.3162630926102517,-0.09987921327362001
6.121702331124538,1.0002862081148174,1.3162630926102517,-0.09987921327362001
6.121702331124538,1.0002862081148174,1.3162630926102517,-0.09987921327362001
5.698543015711444,1.019204464110808,1.3941704599132692,-0.10386013557067104
5.488972926874854,1.0092106505734977,1.4295662532966211,-0.105169378100391
4.849688670254245,1.0225998100057776,1.5585807696850296,-0.1083166304690325
4.849688670254245,1.0225998100057776,1.5585807696850296,-0.1083166304690325
4.849688670254245,1.0225998100057776,1.5585807696850296,-0.1083166304690325
4.849688670254245,1.0225998100057776,1.5585807696850296,-0.1083166304690325
4.9280060386419615,1.0140812969338744,1.546895631404305,-0.10643456000052323
4.9464211750763365,1.0120782983185417,1.5441480490975452,-0.10599201979302895
5.026300924717246,1.0075615387895118,1.5295827946809308,-0.10485900126670238
4.813308720006806,1.019605073910236,1.5684197422716426,-0.10788009378370345
4.813308720006806,1.019605073910236,1.5684197422716426,-0.10788009378370345
4.9752262313113995,1.0128871694117392,1.5288296323680455,-0.10605650388298321
4.996174499849142,1.0125919790804263,1.524833040251436,-0.10590927053597035
4.996174499849142,1.0125919790804263,1.524833040251436,-0.10590927053597035
4.286427982849465,1.022448528074838,1.6440102189467025,-0.11480951989294343
4.286427982849465,1.022448528074838,1.6440102189467025,-0.11480951989294343
4.286427982849465,1.022448528074838,1.6440102189467025,-0.11480951989294343
4.286427982849465,1.022448528074838,1.6440102189467025,-0.11480951989294343
4.878047150964274,1.0147678695930369,1.5400555680658017,-0.10918750987656384
4.878047150964274,1.0147678695930369,1.5400555680658017,-0.10918750987656384
4.878047150964274,1.0147678695930369,1.5400555680658017,-0.10918750987656384
4.649979050018988,1.0151915801386548,1.59514275406957,-0.10925122293067584
5.2572026804374765,1.0053836982469728,1.5046878750654706,-0.10830856299802034
5.2572026804374765,1.0053836982469728,1.5046878750654706,-0.10830856299802034
5.259725562736377,1.0084621704918624,1.5071621344274384,-0.10649367949193857
5.412407558432975,1.001486196210666,1.4646251331846485,-0.10654749891818091
5.412407558432975,1.001486196210666,1.4646251331846485,-0.10654749891818091
5.412407558432975,1.001486196210666,1.4646251331846485,-0.10654749891818091
5.412407558432975,1.001486196210666,1.4646251331846485,-0.10654749891818091
5.402374427834495,1.0082961743319236,1.4802878274610045,-0.10705415898073374
5.6869139172074,1.0119194642059142,1.4241405107560943,-0.1037913762813939
5.834848663100149,1.012406840035125,1.392731185989948,-0.10203389683254366
5.283163044578421,1.0232454215371487,1.5143131630029618,-0.10552588428191108
5.0409762478637,1.031479116010336,1.5764497801192587,-0.10803438432575635
5.195033703070458,1.0257353255421549,1.5359421145343148,-0.10558541735876036
5.251281333620492,1.02395427637974,1.5202857787485757,-0.10554770226157238
5.000781773745,1.0296227795798025,1.581254536966759,-0.107093851552849
5.000781773745,1.0296227795798025,1.581254536966759,-0.107093851552849
5.0918121099906495,1.0221863082137441,1.5511764800383385,-0.10569904002625108
5.0918121099906495,1.0221863082137441,1.5511764800383385,-0.10569904002625108
5.0918121099906495,1.0221863082137441,1.5511764800383385,-0.10569904002625108
5.0918121099906495,1.0221863082137441,1.5511764800383385,-0.10569904002625108
5.005562799921994,1.0281297009224017,1.5750224044434602,-0.1062868348694716
5.005562799921994,1.0281297009224017,1.5750224044434602,-0.1062868348694716
5.005562799921994,1.0281297009224017,1.5750224044434602,-0.1062868348694716
5.005562799921994,1.0281297009224017,1.5750224044434602,-0.1062868348694716
5.005562799921994,1.0281297009224017,1.5750224044434602,-0.1062868348694716
5.005562799921994,1.0281297009224017,1.5750224044434602,-0.1062868348694716
5.005562799921994,1.0281297009224017,1.5750224044434602,-0.1062868348694716
5.005562799921994,1.0281297009224017,1.5750224044434602,-0.1062868348694716
5.137797664115786,1.0209320047954482,1.5335060204679998,-0.10594104658485197
4.96430149153911,1.0273819513725537,1.5766082786437459,-0.10680638381664181
4.96430149153911,1.0273819513725537,1.5766082786437459,-0.10680638381664181
4.96430149153911,1.0273819513725537,1.5766082786437459,-0.10680638381664181
5.0519933798557854,1.0245796879414344,1.555458833210152,-0.10565775039097765
5.0519933798557854,1.0245796879414344,1.555458833210152,-0.10565775039097765
5.0519933798557854,1.0245796879414344,1.555458833210152,-0.10565775039097765
5.038626061550678,1.0249778750205416,1.5585779032119984,-0.10572286441397119
5.049272284795887,1.0235393586144719,1.554012816700596,-0.10577445282313372
5.553863654438391,1.008709206048486,1.4202991770839093,-0.10494386357602502
5.553863654438391,1.008709206048486,1.4202991770839093,-0.10494386357602502
5.575726910163479,1.0080101424564143,1.4132031086438472,-0.10513151586532432
5.9539276859179715,0.9998341570668374,1.3364046384851425,-0.1031086227695031
5.9539276859179715,0.9998341570668374,1.3364046384851425,-0.1031086227695031
6.414981763580549,0.9954618407394575,1.2960114720506843,-0.09182494464759884
6.414981763580549,0.9954618407394575,1.2960114720506843,-0.09182494464759884
6.379179290096213,0.9928078050326193,1.2919472015315758,-0.09250849022950561
6.231181599875768,0.9947983632893321,1.3179984536725446,-0.09390128026887165
6.231181599875768,0.9947983632893321,1.3179984536725446,-0.09390128026887165
6.313389015771154,0.9935836505144904,1.3052658855930688,-0.0947150657024932
6.313389015771154,0.9935836505144904,1.3052658855930688,-0.0947150657024932
5.926539794236995,1.0002942028844393,1.373129495885974,-0.0981101378723443
6.1615192112603,0.9971881924833125,1.3348142119535271,-0.09614033562623614
5.96003086186728,1.000486196873864,1.3999478639323617,-0.09644965368679262
5.96003086186728,1.000486196873864,1.3999478639323617,-0.09644965368679262
5.921316525439218,0.9994577927126286,1.3974703785053002,-0.09749049091475577
5.921316525439218,0.9994577927126286,1.3974703785053002,-0.09749049091475577
5.921316525439218,0.9994577927126286,1.3974703785053002,-0.09749049091475577
5.993240926629933,0.9977761361639154,1.3925367427371098,-0.09613127553890106
5.993240926629933,0.9977761361639154,1.3925367427371098,-0.09613127553890106
5.86835053924594,0.9991827719452054,1.3902697678655576,-0.09921111016626513
5.9887970927096426,0.9942212261541745,1.3919956270358833,-0.09583411650060286
5.822012429417872,0.9962287932911489,1.3747313899545612,-0.09717286365786013
5.559783460077661,0.9973859155769036,1.422005795075635,-0.09833552051303389
5.296910840352219,0.9989660547020018,1.469754096886701,-0.09966086781542463
5.3038987086120475,0.9971815418416932,1.462724367516548,-0.09837684384408407
5.3038987086120475,0.9971815418416932,1.462724367516548,-0.09837684384408407
5.371463114465879,0.9942343403782004,1.4501418554688992,-0.10118298855683716
5.455331977004912,0.9723512867750342,1.3976159341631191,-0.10437987153755111
5.455331977004912,0.9723512867750342,1.3976159341631191,-0.10437987153755111
5.455331977004912,0.9723512867750342,1.3976159341631191,-0.10437987153755111
5.455331977004912,0.9723512867750342,1.3976159341631191,-0.10437987153755111
5.455331977004912,0.9723512867750342,1.3976159341631191,-0.10437987153755111
5.455331977004912,0.9723512867750342,1.3976159341631191,-0.10437987153755111
5.273936376587158,0.9982361179266768,1.4759053617751472,-0.10597973487918945
4.846555413408368,1.0241512870170646,1.5921508848924808,-0.10931241380043033
4.986389840827349,1.0164193380357225,1.5558194929169142,-0.10816090563482797
4.979537976811045,1.0101333035937266,1.5437101074663688,-0.10866892005579533
4.796132787854765,1.0185816497853546,1.5893336518403496,-0.11016255775880077
5.222388707159911,0.9989466678471993,1.4832989973152477,-0.10669116245190366
5.207215598351076,0.999645599413693,1.4870734325259993,-0.10681473107892916
5.207215598351076,0.999645599413693,1.4870734325259993,-0.10681473107892916
5.207215598351076,0.999645599413693,1.4870734325259993,-0.10681473107892916
5.204059301392263,0.9997575776395871,1.4878725772264896,-0.10681435702372453
5.0961158517632255,1.0035039356837354,1.5149373569223132,-0.1067712794272354
5.0961158517632255,1.0035039356837354,1.5149373569223132,-0.1067712794272354
5.176224613998061,1.0034220669221203,1.4954827075934485,-0.10691570193016522
5.781316620794542,0.9881837901721121,1.3580078994821037,-0.10337141167149835
5.482977727814413,0.98949324636308,1.4121732704730636,-0.10522120950002886
5.482977727814413,0.98949324636308,1.4121732704730636,-0.10522120950002886
5.482977727814413,0.98949324636308,1.4121732704730636,-0.10522120950002886
5.482977727814413,0.98949324636308,1.4121732704730636,-0.10522120950002886
5.40022219941443,0.9892824200854438,1.426084206270535,-0.10648359913093239
5.3704607567278435,0.9902693245872467,1.4287832081010288,-0.10718352181707183
5.3704607567278435,0.9902693245872467,1.4287832081010288,-0.10718352181707183
5.308868154495105,0.9884627958833363,1.44269844954105,-0.1070323766553221
5.308868154495105,0.9884627958833363,1.44269844954105,-0.1070323766553221
5.308868154495105,0.9884627958833363,1.44269844954105,-0.1070323766553221
5.242354542958204,0.9974501070845957,1.471219398600465,-0.10671007161551492
5.242354542958204,0.9974501070845957,1.471219398600465,-0.10671007161551492
5.242354542958204,0.9974501070845957,1.471219398600465,-0.10671007161551492
5.242354542958204,0.9974501070845957,1.471219398600465,-0.10671007161551492
5.242354542958204,0.9974501070845957,1.471219398600465,-0.10671007161551492
5.242354542958204,0.9974501070845957,1.471219398600465,-0.10671007161551492
5.272714852504222,0.9961255149744863,1.4622279749195601,-0.10644225578559305
5.14004896596935,0.9910175693670744,1.5152583205717463,-0.10133888659122964
5.14004896596935,0.9910175693670744,1.5152583205717463,-0.10133888659122964
5.14004896596935,0.9910175693670744,1.5152583205717463,-0.10133888659122964
5.34206397207671,0.9897068790104339,1.4720066362574116,-0.10038020176875824
5.34206397207671,0.9897068790104339,1.4720066362574116,-0.10038020176875824
5.723482767855082,0.9988926236112636,1.3812112930173033,-0.10157664562555684
5.748266705514705,0.9990636920739037,1.3802248767388345,-0.1011535442259991
5.688440522342196,0.9989765274695451,1.3848166509973354,-0.10329565806567181
5.809709183574941,1.000251678592541,1.3793831406073116,-0.10061083192162941
5.6846256563648545,1.0000565345909813,1.3622711168538628,-0.10407337210130323
5.6846256563648545,1.0000565345909813,1.3622711168538628,-0.10407337210130323
5.6846256563648545,1.0000565345909813,1.3622711168538628,-0.10407337210130323
5.4571152973292945,1.002205706232048,1.3954058636752447,-0.10671927705311157
5.4805258455785175,1.003550827024602,1.3832300840794205,-0.10877498410342679
5.4805258455785175,1.003550827024602,1.3832300840794205,-0.10877498410342679
5.518909769672491,1.0135772592064307,1.385262687635273,-0.10900847863749587
5.518909769672491,1.0135772592064307,1.385262687635273,-0.10900847863749587
7.001497001633721,0.9910241513797353,1.16209496141166,-0.09194332770342747
6.826638752071707,0.9906870980700195,1.1892062467114684,-0.0927184819778539
6.847158848247662,0.989647444291227,1.1881663459816905,-0.09184485024217262
6.847158848247662,0.989647444291227,1.1881663459816905,-0.09184485024217262
7.123277171132988,0.9873690728771312,1.1349617681490742,-0.08901532102466209
6.938296560189278,0.9925146319400456,1.1524063539248646,-0.09513196294026693
6.938296560189278,0.9925146319400456,1.1524063539248646,-0.09513196294026693
6.938296560189278,0.9925146319400456,1.1524063539248646,-0.09513196294026693
6.873268127238727,0.9920057390865228,1.1638814803241297,-0.09546104516809895
6.873268127238727,0.9920057390865228,1.1638814803241297,-0.09546104516809895
6.8216252835561555,0.9905121470355809,1.1700486177658624,-0.09586945841967655
6.37958702128882,0.9846365454554813,1.243673702955659,-0.09862284102629866
6.7510298658015575,0.972212472725556,1.154928146348292,-0.09823342840632172
6.7510298658015575,0.972212472725556,1.154928146348292,-0.09823342840632172
6.7510298658015575,0.972212472725556,1.154928146348292,-0.09823342840632172
6.7510298658015575,0.972212472725556,1.154928146348292,-0.09823342840632172
6.7510298658015575,0.972212472725556,1.154928146348292,-0.09823342840632172
6.7510298658015575,0.972212472725556,1.154928146348292,-0.09823342840632172
6.7510298658015575,0.972212472725556,1.154928146348292,-0.09823342840632172
6.7510298658015575,0.972212472725556,1.154928146348292,-0.09823342840632172
6.781680066067769,0.9713980718960437,1.1477721175944113,-0.0982436714162778
6.24434028903625,0.9885614436354613,1.2770307978899484,-0.1006770195622287
6.24434028903625,0.9885614436354613,1.2770307978899484,-0.1006770195622287
6.24434028903625,0.9885614436354613,1.2770307978899484,-0.1006770195622287
6.400808361762331,0.9854647437636447,1.2455351352368103,-0.09953036209935583
6.400808361762331,0.9854647437636447,1.2455351352368103,-0.09953036209935583
6.778503107330771,0.9838069822899719,1.17696219186126,-0.09718853226543465
6.751275493721017,0.984232712325967,1.1823005687401662,-0.09735005937229425
6.751275493721017,0.984232712325967,1.1823005687401662,-0.09735005937229425
6.476658592574342,0.9827727683548418,1.2363244774446032,-0.09814332301160204
6.2418947235042435,0.98411166095962,1.2780230629307459,-0.10005615658613692
6.2418947235042435,0.98411166095962,1.2780230629307459,-0.10005615658613692
6.49408423763939,0.9780037463715351,1.244347643352334,-0.09627758097139262
6.49408423763939,0.9780037463715351,1.244347643352334,-0.09627758097139262
6.614081467571428,0.9788329928886219,1.2175869588174921,-0.09644109492068621
6.72332974083982,0.9733891484575404,1.205498172919201,-0.09421933085436013
6.72332974083982,0.9733891484575404,1.205498172919201,-0.09421933085436013
6.72332974083982,0.9733891484575404,1.205498172919201,-0.09421933085436013
6.834238073463176,0.968430750633759,1.1850789693428412,-0.09317594733853689
6.490196353243398,0.9882410428533788,1.227508475693094,-0.10024026750906319
6.490196353243398,0.9882410428533788,1.227508475693094,-0.10024026750906319
6.490196353243398,0.9882410428533788,1.227508475693094,-0.10024026750906319
6.490196353243398,0.9882410428533788,1.227508475693094,-0.10024026750906319
6.464018570216354,0.9907541786850201,1.2513503471091278,-0.09731138766065331
6.464018570216354,0.9907541786850201,1.2513503471091278,-0.09731138766065331
6.464018570216354,0.9907541786850201,1.2513503471091278,-0.09731138766065331
6.669655560958438,0.9871824351134572,1.1924880622567224,-0.10032312682358588
6.669655560958438,0.9871824351134572,1.1924880622567224,-0.10032312682358588
6.590744326928284,0.9902805942477757,1.2059823567856243,-0.10068728818083693
6.319617810642692,0.9939428163258506,1.2723413799899985,-0.09660754768098397
6.3979660401377085,0.993317980224793,1.2583797902611842,-0.09577735049705416
6.3979660401377085,0.993317980224793,1.2583797902611842,-0.09577735049705416
6.883729182584925,0.9887292293017647,1.1876329512672215,-0.09012801167373409
6.883729182584925,0.9887292293017647,1.1876329512672215,-0.09012801167373409
6.883729182584925,0.9887292293017647,1.1876329512672215,-0.09012801167373409
6.883729182584925,0.9887292293017647,1.1876329512672215,-0.09012801167373409
6.883729182584925,0.9887292293017647,1.1876329512672215,-0.09012801167373409
6.471295680615627,0.9929193434938326,1.2825350319151936,-0.09290844939719542
6.471295680615627,0.9929193434938326,1.2825350319151936,-0.09290844939719542
6.471295680615627,0.9929193434938326,1.2825350319151936,-0.09290844939719542
6.145975141979982,1.0127144760592555,1.3226810642451952,-0.09842827537800575
6.145975141979982,1.0127144760592555,1.3226810642451952,-0.09842827537800575
6.145975141979982,1.0127144760592555,1.3226810642451952,-0.09842827537800575
6.145975141979982,1.0127144760592555,1.3226810642451952,-0.09842827537800575
6.082101013932759,1.0142910084530732,1.339103696946832,-0.09804790011268212
6.082101013932759,1.0142910084530732,1.339103696946832,-0.09804790011268212
6.253875541313338,1.019139081827678,1.312263688532354,-0.09729009035303511
6.253875541313338,1.019139081827678,1.312263688532354,-0.09729009035303511
6.193738637434844,1.0183733060987754,1.3241303218603326,-0.09797967354586028
6.143622467036271,1.0134241053694033,1.3271727086452187,-0.09836563342703866
6.099905222199706,1.0051595997063725,1.3142231212913627,-0.10044110606026563
6.099905222199706,1.0051595997063725,1.3142231212913627,-0.10044110606026563
6.088088869770892,1.0050429804931078,1.3167116632985942,-0.10036769619775239
6.133611830051322,1.003988200411316,1.3055365203779865,-0.10010172593967247
6.544022647622181,0.9947010981349809,1.205647171594134,-0.09756856222858713
6.444268174081124,1.0055381163226043,1.230088105134579,-0.09724817062041771
6.427950745902215,0.9992678681720691,1.2297588947085774,-0.09737523162544015
6.035929424454981,1.0014431946454105,1.3177287597360654,-0.099176545606093
5.893114601927042,1.0022356741541365,1.3497765080966055,-0.09983277097545383
5.893114601927042,1.0022356741541365,1.3497765080966055,-0.09983277097545383
5.893114601927042,1.0022356741541365,1.3497765080966055,-0.09983277097545383
6.771807353143885,0.9766001072275763,1.1267788916034607,-0.09344312797461464
6.661651749521092,0.973595452403458,1.1544845162918596,-0.09587322428434512
6.836165981154824,0.9645372526019316,1.1227207442988005,-0.09080782307653035
5.973335660297717,0.9945107024194328,1.3359070812109852,-0.09810364821699577
6.419715644474295,0.9863940012837134,1.2483582109906377,-0.09228110690592953
6.2006077687062335,0.9903781251403695,1.2913320172988654,-0.09513913079468625
6.2006077687062335,0.9903781251403695,1.2913320172988654,-0.09513913079468625
6.2006077687062335,0.9903781251403695,1.2913320172988654,-0.09513913079468625
5.932501001727743,0.9900475342026599,1.3364783404180889,-0.09890579797984604
6.072784961317767,0.9909958271086396,1.3130285883378336,-0.09622402767783318
5.962683521295938,0.9954778664454391,1.3358194592267132,-0.09372906283548263
5.962683521295938,0.9954778664454391,1.3358194592267132,-0.09372906283548263
6.050710741818841,0.9946639536359758,1.318081794083447,-0.09039795444882379
6.050710741818841,0.9946639536359758,1.318081794083447,-0.09039795444882379
6.050710741818841,0.9946639536359758,1.318081794083447,-0.09039795444882379
6.050710741818841,0.9946639536359758,1.318081794083447,-0.09039795444882379
6.041774250254292,0.9949711149876332,1.3228017746096028,-0.08931612591365168
5.94192873210631,0.9977824636898298,1.342753541903877,-0.09251416993598147
5.94192873210631,0.9977824636898298,1.342753541903877,-0.09251416993598147
5.94192873210631,0.9977824636898298,1.342753541903877,-0.09251416993598147
5.9395552072026545,0.997376616196671,1.344009424759316,-0.0904184707578976
5.9395552072026545,0.997376616196671,1.344009424759316,-0.0904184707578976
5.730064374437393,1.002224941837409,1.3852536764288006,-0.0938588006108994
5.778407220687875,1.0018192437434916,1.386776916263165,-0.08977463132387785
5.771216562848217,1.0015948961856946,1.389239424871356,-0.08934800678336817
5.771216562848217,1.0015948961856946,1.389239424871356,-0.08934800678336817
5.784019910439119,1.0014057114301587,1.3872563982420576,-0.08947474933642845
5.963993747740998,0.9987463829872589,1.3593814296517932,-0.09125634149127278
5.949230476235201,0.9993564890841148,1.364800522044088,-0.09395791094797647
5.949230476235201,0.9993564890841148,1.364800522044088,-0.09395791094797647
5.949230476235201,0.9993564890841148,1.364800522044088,-0.09395791094797647
5.919329462025004,0.9994355959978092,1.3645146928571015,-0.09510098365480213
5.919329462025004,0.9994355959978092,1.3645146928571015,-0.09510098365480213
6.4359360794376865,1.0057455421872452,1.2741672697429136,-0.09611313628359315
6.4359360794376865,1.0057455421872452,1.2741672697429136,-0.09611313628359315
6.4057038629063845,1.0055435312954368,1.3238160973470903,-0.09194415461463736
6.4057038629063845,1.0055435312954368,1.3238160973470903,-0.09194415461463736
6.4057038629063845,1.0055435312954368,1.3238160973470903,-0.09194415461463736
6.406140229373711,1.0055539753025036,1.3253170698100831,-0.09178320587572081
5.498987031510826,0.9929776809474429,1.4311225743258102,-0.10454506313056149
5.4706699333423945,0.9944306385445352,1.4397383339214473,-0.10498583357219929
5.6009980853001995,0.9979592634144628,1.4171472781514043,-0.10372028070828875
5.763524321730748,0.9854438233081696,1.3668044692051138,-0.10667126532992148
5.660497263897615,0.9880748833963506,1.3883053269219534,-0.10481203508312263
5.485023905708106,0.9892807479368111,1.428993441509083,-0.10589949586409947
5.4479568656505295,0.9908976353100439,1.4358964323990515,-0.10435999474423466
5.4479568656505295,0.9908976353100439,1.4358964323990515,-0.10435999474423466
5.4479568656505295,0.9908976353100439,1.4358964323990515,-0.10435999474423466
5.4479568656505295,0.9908976353100439,1.4358964323990515,-0.10435999474423466
5.4479568656505295,0.9908976353100439,1.4358964323990515,-0.10435999474423466
5.4479568656505295,0.9908976353100439,1.4358964323990515,-0.10435999474423466
5.4479568656505295,0.9908976353100439,1.4358964323990515,-0.10435999474423466
5.4479568656505295,0.9908976353100439,1.4358964323990515,-0.10435999474423466
5.4479568656505295,0.9908976353100439,1.4358964323990515,-0.10435999474423466
5.571689756596938,0.9896437820720264,1.4013795554678996,-0.10611283308825277
5.445330261390764,0.9915114463977044,1.427785403455387,-0.10695706588451157
5.445330261390764,0.9915114463977044,1.427785403455387,-0.10695706588451157
5.445330261390764,0.9915114463977044,1.427785403455387,-0.10695706588451157
5.445330261390764,0.9915114463977044,1.427785403455387,-0.10695706588451157
5.918834073258046,0.9749501231295056,1.308656313533208,-0.1070996061917738
5.918834073258046,0.9749501231295056,1.308656313533208,-0.1070996061917738
5.918834073258046,0.9749501231295056,1.308656313533208,-0.1070996061917738
5.918834073258046,0.9749501231295056,1.308656313533208,-0.1070996061917738
6.015840601083733,0.9712308540395024,1.2842513189994225,-0.10712362947029327
6.069454233000836,0.978379980954869,1.2889190866574591,-0.10218037049467835
6.050867609482194,0.9787321827538814,1.2928252603769843,-0.10227674081688808
5.5880802219577586,0.9877432089712358,1.39405675494707,-0.10546808763837541
5.59780065160506,0.9877850234453514,1.392426577511545,-0.1053041735436346
5.59780065160506,0.9877850234453514,1.392426577511545,-0.1053041735436346
5.637422427513435,0.9816651921105755,1.378377103518943,-0.1054719023612341
5.810034633041685,0.9943658222335541,1.3347755948053603,-0.10699543229193925
5.816550917243667,0.9944132932385034,1.3348201553476327,-0.10642911677732654
5.75422008416505,0.9896870146009886,1.3511128366112188,-0.10567673646302114
5.686518182282974,0.9990124208872883,1.3322576501567442,-0.11165264803529526
5.686518182282974,0.9990124208872883,1.3322576501567442,-0.11165264803529526
5.8428227103127774,0.9994699253987447,1.3265129056043405,-0.10742399869544236
5.8428227103127774,0.9994699253987447,1.3265129056043405,-0.10742399869544236
5.8428227103127774,0.9994699253987447,1.3265129056043405,-0.10742399869544236
5.700266486225231,1.0015642164494578,1.3522013377044997,-0.11038123339950016
5.700266486225231,1.0015642164494578,1.3522013377044997,-0.11038123339950016
5.608773882864425,1.0031073557688186,1.3666437268864633,-0.1115557976344386
5.484628089948722,1.004284668157189,1.377520198689521,-0.11459409885617634
5.484628089948722,1.004284668157189,1.377520198689521,-0.11459409885617634
5.484628089948722,1.004284668157189,1.377520198689521,-0.11459409885617634
5.484628089948722,1.004284668157189,1.377520198689521,-0.11459409885617634
5.7135670411713075,1.0013755870818928,1.3592671924442534,-0.10824841549627932
5.7135670411713075,1.0013755870818928,1.3592671924442534,-0.10824841549627932
5.7135670411713075,1.0013755870818928,1.3592671924442534,-0.10824841549627932
5.734518063645236,0.9950628422843605,1.351022291935284,-0.10502127167131464
5.38066220120099,0.9957402101238482,1.3986068313188222,-0.11010971270080505
5.38066220120099,0.9957402101238482,1.3986068313188222,-0.11010971270080505
5.43510726401568,0.9865421734921276,1.3663559007480097,-0.11056225570686179
5.43510726401568,0.9865421734921276,1.3663559007480097,-0.11056225570686179
5.43510726401568,0.9865421734921276,1.3663559007480097,-0.11056225570686179
5.41807399819806,0.9872375076553513,1.3799229743960988,-0.10839508117921944
5.41807399819806,0.9872375076553513,1.3799229743960988,-0.10839508117921944
5.429183602651221,0.9901394958768748,1.3805112785377056,-0.10846266238611042
5.4051207681871105,0.9838539379629342,1.379237041886552,-0.10831628495195796
5.4051207681871105,0.9838539379629342,1.379237041886552,-0.10831628495195796
6.476525635851155,0.9825350429791222,1.1925283542351166,-0.10037092774234196
6.356651223702707,0.9934796395431327,1.2397283430152461,-0.09966642324302527
6.356651223702707,0.9934796395431327,1.2397283430152461,-0.09966642324302527
6.356651223702707,0.9934796395431327,1.2397283430152461,-0.09966642324302527
6.664288067332174,0.9981011512573765,1.1695595357579034,-0.09975111729735608
6.512382459107635,1.0016530065854543,1.1810099054688827,-0.10330420308757135
6.448661186505367,0.9948350923707152,1.1984907201794845,-0.10257860596108423
6.448661186505367,0.9948350923707152,1.1984907201794845,-0.10257860596108423
6.03311747299955,0.9932000584304567,1.2970737373677586,-0.10331832986825752
6.037881672537924,0.9934343873939911,1.2958509805641933,-0.10338566902208694
6.146257552757554,0.9939004175334039,1.270123042128379,-0.10320667433238144
6.3665106945976735,0.9884652770888844,1.2103478251612243,-0.10432328728820478
6.142653297251471,0.9957294911985592,1.2721754381683348,-0.10495002054751194
6.142653297251471,0.9957294911985592,1.2721754381683348,-0.10495002054751194
5.936873050472551,1.0204931097827061,1.3151728867118044,-0.11179189786433259
5.925672767573306,1.0218409531160335,1.3175131676433847,-0.11216429007743284
5.763058688942047,1.0115732696883517,1.3548444839320228,-0.11040144803564089
6.026374245529552,1.007410003559288,1.2778276760230272,-0.11224610128397226
6.026374245529552,1.007410003559288,1.2778276760230272,-0.11224610128397226
6.026374245529552,1.007410003559288,1.2778276760230272,-0.11224610128397226
6.1148191605962445,1.0060116064271278,1.2519585434791805,-0.11286570083209828
6.1148191605962445,1.0060116064271278,1.2519585434791805,-0.11286570083209828
6.095651869685436,1.0029738013850567,1.2575035707431392,-0.11230177826588979
5.9747811675403355,1.0026059659826687,1.3015508918341476,-0.10835536387195767
5.9747811675403355,1.0026059659826687,1.3015508918341476,-0.10835536387195767
5.9747811675403355,1.0026059659826687,1.3015508918341476,-0.10835536387195767
5.9747811675403355,1.0026059659826687,1.3015508918341476,-0.10835536387195767
5.9714175510148655,1.0027880958438793,1.3017030987711564,-0.10855221552607489
6.084984167490114,0.9982594392861767,1.287671551711978,-0.1032825360942797
6.084984167490114,0.9982594392861767,1.287671551711978,-0.1032825360942797
6.119073056480326,0.9997844179211389,1.2781844475630526,-0.10356221887389135
6.008827628302345,1.008992808176512,1.2845608693256008,-0.10875004215493977
6.008827628302345,1.008992808176512,1.2845608693256008,-0.10875004215493977
6.008827628302345,1.008992808176512,1.2845608693256008,-0.10875004215493977
6.008827628302345,1.008992808176512,1.2845608693256008,-0.10875004215493977
6.008827628302345,1.008992808176512,1.2845608693256008,-0.10875004215493977
6.008827628302345,1.008992808176512,1.2845608693256008,-0.10875004215493977
6.007578584487709,1.009092287985585,1.2846754230647779,-0.10880617198757012
5.927288263108792,1.020653896013254,1.2969300341300116,-0.11179864180375644
5.940279541703011,1.019721500801572,1.2950639534848267,-0.111326545674842
5.940279541703011,1.019721500801572,1.2950639534848267,-0.111326545674842
5.950174447916263,1.0175879915376587,1.296083452412694,-0.11059491300751247
5.950174447916263,1.0175879915376587,1.296083452412694,-0.11059491300751247
5.950174447916263,1.0175879915376587,1.296083452412694,-0.11059491300751247
6.074957931810964,1.011071586058615,1.285220327813309,-0.10736910093873761
6.038239287257459,1.0112468315588647,1.2895317038344878,-0.10878720226313027
5.999469629125761,1.0098454443340323,1.3040085026396921,-0.10596477969676256
5.737586501850428,1.0018230757869526,1.3709319860878197,-0.10374011564555338
5.452672389329266,1.005677715324164,1.4260173124622697,-0.10475961473730765
5.414333121969937,1.006581283797757,1.43335048621348,-0.1051339929820155
5.2412501576322725,1.0192927053797103,1.4811885734535137,-0.1089509309487877
5.2412501576322725,1.0192927053797103,1.4811885734535137,-0.1089509309487877
5.2412501576322725,1.0192927053797103,1.4811885734535137,-0.1089509309487877
5.2412501576322725,1.0192927053797103,1.4811885734535137,-0.1089509309487877
5.440415871031871,1.0106517550133383,1.4277704658967398,-0.10675991568004889
5.417910654854937,1.011227870251182,1.432001374494353,-0.10700377136292186
5.417910654854937,1.011227870251182,1.432001374494353,-0.10700377136292186
5.417910654854937,1.011227870251182,1.432001374494353,-0.10700377136292186
5.045944074890325,1.013368383167746,1.4727399695919772,-0.11267466896758066
5.045944074890325,1.013368383167746,1.4727399695919772,-0.11267466896758066
5.787778353825937,0.9821309774141876,1.3634571475455386,-0.09254582715313522
6.108658808874537,0.9893031341062357,1.3005270401445232,-0.0959013184943795
6.108658808874537,0.9893031341062357,1.3005270401445232,-0.0959013184943795
5.991225940161545,0.9879899939966439,1.3230781004280596,-0.09956581972475695
5.991225940161545,0.9879899939966439,1.3230781004280596,-0.09956581972475695
5.948179277891784,0.9886166302495627,1.3347925252150512,-0.09934925902707258
5.95911188778714,0.9884223285170922,1.3318220776095464,-0.0994025752593625
5.972722210077874,0.9877554192774807,1.3281806414660746,-0.0994485912608427
5.845275499210939,0.9839609796153033,1.3452843653221709,-0.10066329422865239
5.821469939541517,0.9816100718675244,1.3467295220364421,-0.10084662808892789
5.821469939541517,0.9816100718675244,1.3467295220364421,-0.10084662808892789
5.821469939541517,0.9816100718675244,1.3467295220364421,-0.10084662808892789
5.78203350030481,0.9674265498599441,1.3377054393881915,-0.10201763848265773
5.78203350030481,0.9674265498599441,1.3377054393881915,-0.10201763848265773
5.78203350030481,0.9674265498599441,1.3377054393881915,-0.10201763848265773
5.89389023725183,0.9680147327874079,1.3162574864960117,-0.1012225058196738
5.89389023725183,0.9680147327874079,1.3162574864960117,-0.1012225058196738
5.89389023725183,0.9680147327874079,1.3162574864960117,-0.1012225058196738
5.564111390752198,0.9902876748487586,1.4128457265665653,-0.1030630575524609
5.7481923461639886,0.9854610119088701,1.3745603017395869,-0.10112800630823326
5.702131695924356,0.9801295198857922,1.382437336530344,-0.10153967104065856
5.702131695924356,0.9801295198857922,1.382437336530344,-0.10153967104065856
5.702131695924356,0.9801295198857922,1.382437336530344,-0.10153967104065856
5.922198919889093,0.9835518006755934,1.339655785959203,-0.10118954505866778
5.913551112614964,0.9804181052421482,1.345922611652547,-0.1000110366679715
5.786792816629467,0.9791052396038041,1.3720380680588085,-0.10013608250227751
5.786792816629467,0.9791052396038041,1.3720380680588085,-0.10013608250227751
5.786792816629467,0.9791052396038041,1.3720380680588085,-0.10013608250227751
5.786792816629467,0.9791052396038041,1.3720380680588085,-0.10013608250227751
5.786792816629467,0.9791052396038041,1.3720380680588085,-0.10013608250227751
5.678235064703646,0.9800633727696787,1.4008718118238581,-0.09994535723507655
5.8703335986720715,0.9736932881618974,1.3834508050441832,-0.09542762859824441
5.8703335986720715,0.9736932881618974,1.3834508050441832,-0.09542762859824441
5.8703335986720715,0.9736932881618974,1.3834508050441832,-0.09542762859824441
6.083679880019268,0.9768336612692299,1.3268854355289526,-0.09662490305515897
6.083679880019268,0.9768336612692299,1.3268854355289526,-0.09662490305515897
6.083679880019268,0.9768336612692299,1.3268854355289526,-0.09662490305515897
6.083679880019268,0.9768336612692299,1.3268854355289526,-0.09662490305515897
6.083679880019268,0.9768336612692299,1.3268854355289526,-0.09662490305515897
6.141338728207449,0.9784516436298671,1.3127901616151214,-0.09713769346815086
6.130633939299476,0.9786778706805714,1.3146766814967912,-0.09725167799546089
6.0741961509223525,0.990846813138673,1.3088617436387027,-0.10142470690130673
6.726669461153283,0.9739273714017159,1.1758000824202743,-0.0977523763887654
6.443611568761303,0.9823600656091059,1.2362906423156828,-0.09511499577920865
6.429771057697407,0.9826497439220877,1.2391270873553386,-0.09521836604985634
6.429771057697407,0.9826497439220877,1.2391270873553386,-0.09521836604985634
6.429771057697407,0.9826497439220877,1.2391270873553386,-0.09521836604985634
6.429771057697407,0.9826497439220877,1.2391270873553386,-0.09521836604985634
6.429771057697407,0.9826497439220877,1.2391270873553386,-0.09521836604985634
6.509099004406459,0.9807801664194877,1.223953985295456,-0.09444373837721809
6.509099004406459,0.9807801664194877,1.223953985295456,-0.09444373837721809
6.509099004406459,0.9807801664194877,1.223953985295456,-0.09444373837721809
6.714323087482113,0.9780407659330145,1.1882799872331886,-0.09295647065903832
6.714323087482113,0.9780407659330145,1.1882799872331886,-0.09295647065903832
6.714323087482113,0.9780407659330145,1.1882799872331886,-0.09295647065903832
6.714323087482113,0.9780407659330145,1.1882799872331886,-0.09295647065903832
6.714323087482113,0.9780407659330145,1.1882799872331886,-0.09295647065903832
6.8012930467885315,0.9763012916812243,1.1716191426718752,-0.0921877338955833
6.153613463514015,0.9798049386675818,1.2679323817360357,-0.09966971401158921
5.977132016188689,0.9725195162550119,1.2598201969813603,-0.1034257875362085
5.26646218027519,1.0166823280975927,1.513768918668093,-0.10164756516337882
5.26646218027519,1.0166823280975927,1.513768918668093,-0.10164756516337882
5.271887675596325,1.0233026277319317,1.5190898496514684,-0.0977446316119633
5.274881955283446,1.0208592877482376,1.5138174793993606,-0.09780376810542349
5.274881955283446,1.0208592877482376,1.5138174793993606,-0.09780376810542349
5.2630119664299055,1.0225314009791069,1.5180633259026715,-0.09704908690491319
5.2630119664299055,1.0225314009791069,1.5180633259026715,-0.09704908690491319
5.2630119664299055,1.0225314009791069,1.5180633259026715,-0.09704908690491319
5.2630119664299055,1.0225314009791069,1.5180633259026715,-0.09704908690491319
5.2630119664299055,1.0225314009791069,1.5180633259026715,-0.09704908690491319
5.311492295278916,1.0142391184191037,1.496524597155115,-0.09896552373409173
5.304861362273095,1.0146633743137718,1.4984722925470377,-0.09894106486399379
5.580317099883009,1.011370638684317,1.4346362025771933,-0.09946077827226092
5.532357426243128,1.0039524094408288,1.4350928367869924,-0.10123597022813413
5.253175974403801,1.0039357905603015,1.4952499354808757,-0.10176263575471912
4.931078448248804,0.9961354477652726,1.5800862964308502,-0.09703773546226606
5.2954310770145705,1.0055522202787766,1.4838971187348213,-0.10257909019466402
5.2954310770145705,1.0055522202787766,1.4838971187348213,-0.10257909019466402
5.2954310770145705,1.0055522202787766,1.4838971187348213,-0.10257909019466402
4.820115398880613,1.013379032657,1.5850835618016408,-0.1067688555335628
4.820115398880613,1.013379032657,1.5850835618016408,-0.1067688555335628
4.820115398880613,1.013379032657,1.5850835618016408,-0.1067688555335628
4.877326303861021,1.011349320077641,1.5705982988108784,-0.10677563564235755
5.207679094790569,1.0090782719660423,1.485701683206727,-0.10827406651335654
5.204419899512301,1.0084921972222347,1.4867151562539571,-0.10813331787201326
5.359311135630379,1.0056757495393671,1.4563362118346963,-0.10611293019113806
5.433478883677542,1.0048377350895887,1.4406741102112,-0.10516785335529141
5.433478883677542,1.0048377350895887,1.4406741102112,-0.10516785335529141
5.433478883677542,1.0048377350895887,1.4406741102112,-0.10516785335529141
5.458961099744858,1.0044049896172849,1.4353454316964311,-0.10483778180852443
5.448617408986363,1.0108273092053999,1.445325420111389,-0.10467264382755227
5.448617408986363,1.0108273092053999,1.445325420111389,-0.10467264382755227
5.857647711521646,0.9931099388549827,1.344800807808518,-0.1028725890425932
5.9981254870403715,0.9885567672868797,1.3046201220220406,-0.10259415553172795
6.006532699149694,0.98953317048668,1.3067723438348504,-0.10064425436905629
6.2007823822124015,0.9898311932671853,1.2689266439842872,-0.09886561915105575
6.263467602641606,0.9887120656334596,1.261207035886993,-0.09730696948352463
6.263467602641606,0.9887120656334596,1.261207035886993,-0.09730696948352463
6.3201561969353275,0.9924574273079888,1.240498079252702,-0.09752203081516077
6.3201561969353275,0.9924574273079888,1.240498079252702,-0.09752203081516077
6.2998473411367195,0.9927433541801953,1.2459886679558294,-0.09725313462460855
6.402372143471898,1.0057600879167707,1.2491752328109509,-0.0957330133588031
6.227059198574805,1.0103456588653112,1.2673611240684381,-0.10149483704739762
6.227059198574805,1.0103456588653112,1.2673611240684381,-0.10149483704739762
6.227059198574805,1.0103456588653112,1.2673611240684381,-0.10149483704739762
6.227059198574805,1.0103456588653112,1.2673611240684381,-0.10149483704739762
6.227059198574805,1.0103456588653112,1.2673611240684381,-0.10149483704739762
6.125062043597978,1.0085638949402829,1.2856168215786783,-0.10283632937160746
5.968294612093284,1.004788450196949,1.322934732782534,-0.10234457743791704
6.476021108488082,1.0039128023922703,1.2214306572995752,-0.09996652162001735
6.476021108488082,1.0039128023922703,1.2214306572995752,-0.09996652162001735
6.474162231806458,1.0052127858525366,1.2212888539761957,-0.10027688516348561
6.474162231806458,1.0052127858525366,1.2212888539761957,-0.10027688516348561
6.474162231806458,1.0052127858525366,1.2212888539761957,-0.10027688516348561
6.467584336059504,1.0059570150224484,1.2221929517049857,-0.1004773879610763
6.467584336059504,1.0059570150224484,1.2221929517049857,-0.1004773879610763
6.467584336059504,1.0059570150224484,1.2221929517049857,-0.1004773879610763
6.467584336059504,1.0059570150224484,1.2221929517049857,-0.1004773879610763
6.3830527427505785,1.0050013987607718,1.2459028978794082,-0.10029875905173193
6.3830527427505785,1.0050013987607718,1.2459028978794082,-0.10029875905173193
